tissue,analysis_mode,status,runtime_seconds,config,synergies,return_code,error
adrenal,cell_line,success,4.9,C:\Users\viviamsb\OneDrive - NTNU\PhD Folder\Pipeline\trafikk_paper\results\Sanger-2024\05_synco\output\_synco_config_adrenal_cell_line.json,C:\Users\viviamsb\OneDrive - NTNU\PhD Folder\Pipeline\trafikk_paper\results\Sanger-2024\05_synco\input\_synergies_adrenal.csv,0,
adrenal,inhibitor_combination,success,3.94,C:\Users\viviamsb\OneDrive - NTNU\PhD Folder\Pipeline\trafikk_paper\results\Sanger-2024\05_synco\output\_synco_config_adrenal_inhibitor_combination.json,C:\Users\viviamsb\OneDrive - NTNU\PhD Folder\Pipeline\trafikk_paper\results\Sanger-2024\05_synco\input\_synergies_adrenal.csv,0,
biliary,cell_line,success,3.31,C:\Users\viviamsb\OneDrive - NTNU\PhD Folder\Pipeline\trafikk_paper\results\Sanger-2024\05_synco\output\_synco_config_biliary_cell_line.json,C:\Users\viviamsb\OneDrive - NTNU\PhD Folder\Pipeline\trafikk_paper\results\Sanger-2024\05_synco\input\_synergies_biliary.csv,0,
biliary,inhibitor_combination,success,4.8,C:\Users\viviamsb\OneDrive - NTNU\PhD Folder\Pipeline\trafikk_paper\results\Sanger-2024\05_synco\output\_synco_config_biliary_inhibitor_combination.json,C:\Users\viviamsb\OneDrive - NTNU\PhD Folder\Pipeline\trafikk_paper\results\Sanger-2024\05_synco\input\_synergies_biliary.csv,0,
bladder,cell_line,success,5.09,C:\Users\viviamsb\OneDrive - NTNU\PhD Folder\Pipeline\trafikk_paper\results\Sanger-2024\05_synco\output\_synco_config_bladder_cell_line.json,C:\Users\viviamsb\OneDrive - NTNU\PhD Folder\Pipeline\trafikk_paper\results\Sanger-2024\05_synco\input\_synergies_bladder.csv,0,
bladder,inhibitor_combination,success,4.68,C:\Users\viviamsb\OneDrive - NTNU\PhD Folder\Pipeline\trafikk_paper\results\Sanger-2024\05_synco\output\_synco_config_bladder_inhibitor_combination.json,C:\Users\viviamsb\OneDrive - NTNU\PhD Folder\Pipeline\trafikk_paper\results\Sanger-2024\05_synco\input\_synergies_bladder.csv,0,
bone,cell_line,success,6.43,C:\Users\viviamsb\OneDrive - NTNU\PhD Folder\Pipeline\trafikk_paper\results\Sanger-2024\05_synco\output\_synco_config_bone_cell_line.json,C:\Users\viviamsb\OneDrive - NTNU\PhD Folder\Pipeline\trafikk_paper\results\Sanger-2024\05_synco\input\_synergies_bone.csv,0,
bone,inhibitor_combination,success,6.53,C:\Users\viviamsb\OneDrive - NTNU\PhD Folder\Pipeline\trafikk_paper\results\Sanger-2024\05_synco\output\_synco_config_bone_inhibitor_combination.json,C:\Users\viviamsb\OneDrive - NTNU\PhD Folder\Pipeline\trafikk_paper\results\Sanger-2024\05_synco\input\_synergies_bone.csv,0,
breast,cell_line,success,7.1,C:\Users\viviamsb\OneDrive - NTNU\PhD Folder\Pipeline\trafikk_paper\results\Sanger-2024\05_synco\output\_synco_config_breast_cell_line.json,C:\Users\viviamsb\OneDrive - NTNU\PhD Folder\Pipeline\trafikk_paper\results\Sanger-2024\05_synco\input\_synergies_breast.csv,0,
breast,inhibitor_combination,success,7.21,C:\Users\viviamsb\OneDrive - NTNU\PhD Folder\Pipeline\trafikk_paper\results\Sanger-2024\05_synco\output\_synco_config_breast_inhibitor_combination.json,C:\Users\viviamsb\OneDrive - NTNU\PhD Folder\Pipeline\trafikk_paper\results\Sanger-2024\05_synco\input\_synergies_breast.csv,0,
cervix,cell_line,success,3.5,C:\Users\viviamsb\OneDrive - NTNU\PhD Folder\Pipeline\trafikk_paper\results\Sanger-2024\05_synco\output\_synco_config_cervix_cell_line.json,C:\Users\viviamsb\OneDrive - NTNU\PhD Folder\Pipeline\trafikk_paper\results\Sanger-2024\05_synco\input\_synergies_cervix.csv,0,
cervix,inhibitor_combination,success,5.02,C:\Users\viviamsb\OneDrive - NTNU\PhD Folder\Pipeline\trafikk_paper\results\Sanger-2024\05_synco\output\_synco_config_cervix_inhibitor_combination.json,C:\Users\viviamsb\OneDrive - NTNU\PhD Folder\Pipeline\trafikk_paper\results\Sanger-2024\05_synco\input\_synergies_cervix.csv,0,
cns,cell_line,success,7.01,C:\Users\viviamsb\OneDrive - NTNU\PhD Folder\Pipeline\trafikk_paper\results\Sanger-2024\05_synco\output\_synco_config_cns_cell_line.json,C:\Users\viviamsb\OneDrive - NTNU\PhD Folder\Pipeline\trafikk_paper\results\Sanger-2024\05_synco\input\_synergies_cns.csv,0,
cns,inhibitor_combination,success,6.85,C:\Users\viviamsb\OneDrive - NTNU\PhD Folder\Pipeline\trafikk_paper\results\Sanger-2024\05_synco\output\_synco_config_cns_inhibitor_combination.json,C:\Users\viviamsb\OneDrive - NTNU\PhD Folder\Pipeline\trafikk_paper\results\Sanger-2024\05_synco\input\_synergies_cns.csv,0,
colon,cell_line,success,6.99,C:\Users\viviamsb\OneDrive - NTNU\PhD Folder\Pipeline\trafikk_paper\results\Sanger-2024\05_synco\output\_synco_config_colon_cell_line.json,C:\Users\viviamsb\OneDrive - NTNU\PhD Folder\Pipeline\trafikk_paper\results\Sanger-2024\05_synco\input\_synergies_colon.csv,0,
colon,inhibitor_combination,success,6.74,C:\Users\viviamsb\OneDrive - NTNU\PhD Folder\Pipeline\trafikk_paper\results\Sanger-2024\05_synco\output\_synco_config_colon_inhibitor_combination.json,C:\Users\viviamsb\OneDrive - NTNU\PhD Folder\Pipeline\trafikk_paper\results\Sanger-2024\05_synco\input\_synergies_colon.csv,0,
endometrium,cell_line,success,4.23,C:\Users\viviamsb\OneDrive - NTNU\PhD Folder\Pipeline\trafikk_paper\results\Sanger-2024\05_synco\output\_synco_config_endometrium_cell_line.json,C:\Users\viviamsb\OneDrive - NTNU\PhD Folder\Pipeline\trafikk_paper\results\Sanger-2024\05_synco\input\_synergies_endometrium.csv,0,
endometrium,inhibitor_combination,success,3.71,C:\Users\viviamsb\OneDrive - NTNU\PhD Folder\Pipeline\trafikk_paper\results\Sanger-2024\05_synco\output\_synco_config_endometrium_inhibitor_combination.json,C:\Users\viviamsb\OneDrive - NTNU\PhD Folder\Pipeline\trafikk_paper\results\Sanger-2024\05_synco\input\_synergies_endometrium.csv,0,
esophagus,cell_line,success,6.16,C:\Users\viviamsb\OneDrive - NTNU\PhD Folder\Pipeline\trafikk_paper\results\Sanger-2024\05_synco\output\_synco_config_esophagus_cell_line.json,C:\Users\viviamsb\OneDrive - NTNU\PhD Folder\Pipeline\trafikk_paper\results\Sanger-2024\05_synco\input\_synergies_esophagus.csv,0,
esophagus,inhibitor_combination,success,5.88,C:\Users\viviamsb\OneDrive - NTNU\PhD Folder\Pipeline\trafikk_paper\results\Sanger-2024\05_synco\output\_synco_config_esophagus_inhibitor_combination.json,C:\Users\viviamsb\OneDrive - NTNU\PhD Folder\Pipeline\trafikk_paper\results\Sanger-2024\05_synco\input\_synergies_esophagus.csv,0,
head,cell_line,success,5.83,C:\Users\viviamsb\OneDrive - NTNU\PhD Folder\Pipeline\trafikk_paper\results\Sanger-2024\05_synco\output\_synco_config_head_cell_line.json,C:\Users\viviamsb\OneDrive - NTNU\PhD Folder\Pipeline\trafikk_paper\results\Sanger-2024\05_synco\input\_synergies_head.csv,0,
head,inhibitor_combination,success,5.31,C:\Users\viviamsb\OneDrive - NTNU\PhD Folder\Pipeline\trafikk_paper\results\Sanger-2024\05_synco\output\_synco_config_head_inhibitor_combination.json,C:\Users\viviamsb\OneDrive - NTNU\PhD Folder\Pipeline\trafikk_paper\results\Sanger-2024\05_synco\input\_synergies_head.csv,0,
kidney,cell_line,success,6.53,C:\Users\viviamsb\OneDrive - NTNU\PhD Folder\Pipeline\trafikk_paper\results\Sanger-2024\05_synco\output\_synco_config_kidney_cell_line.json,C:\Users\viviamsb\OneDrive - NTNU\PhD Folder\Pipeline\trafikk_paper\results\Sanger-2024\05_synco\input\_synergies_kidney.csv,0,
kidney,inhibitor_combination,success,5.78,C:\Users\viviamsb\OneDrive - NTNU\PhD Folder\Pipeline\trafikk_paper\results\Sanger-2024\05_synco\output\_synco_config_kidney_inhibitor_combination.json,C:\Users\viviamsb\OneDrive - NTNU\PhD Folder\Pipeline\trafikk_paper\results\Sanger-2024\05_synco\input\_synergies_kidney.csv,0,
liver,cell_line,success,4.34,C:\Users\viviamsb\OneDrive - NTNU\PhD Folder\Pipeline\trafikk_paper\results\Sanger-2024\05_synco\output\_synco_config_liver_cell_line.json,C:\Users\viviamsb\OneDrive - NTNU\PhD Folder\Pipeline\trafikk_paper\results\Sanger-2024\05_synco\input\_synergies_liver.csv,0,
liver,inhibitor_combination,success,5.34,C:\Users\viviamsb\OneDrive - NTNU\PhD Folder\Pipeline\trafikk_paper\results\Sanger-2024\05_synco\output\_synco_config_liver_inhibitor_combination.json,C:\Users\viviamsb\OneDrive - NTNU\PhD Folder\Pipeline\trafikk_paper\results\Sanger-2024\05_synco\input\_synergies_liver.csv,0,
lung,cell_line,success,18.12,C:\Users\viviamsb\OneDrive - NTNU\PhD Folder\Pipeline\trafikk_paper\results\Sanger-2024\05_synco\output\_synco_config_lung_cell_line.json,C:\Users\viviamsb\OneDrive - NTNU\PhD Folder\Pipeline\trafikk_paper\results\Sanger-2024\05_synco\input\_synergies_lung.csv,0,
lung,inhibitor_combination,success,15.14,C:\Users\viviamsb\OneDrive - NTNU\PhD Folder\Pipeline\trafikk_paper\results\Sanger-2024\05_synco\output\_synco_config_lung_inhibitor_combination.json,C:\Users\viviamsb\OneDrive - NTNU\PhD Folder\Pipeline\trafikk_paper\results\Sanger-2024\05_synco\input\_synergies_lung.csv,0,
lymphoid,cell_line,success,16.54,C:\Users\viviamsb\OneDrive - NTNU\PhD Folder\Pipeline\trafikk_paper\results\Sanger-2024\05_synco\output\_synco_config_lymphoid_cell_line.json,C:\Users\viviamsb\OneDrive - NTNU\PhD Folder\Pipeline\trafikk_paper\results\Sanger-2024\05_synco\input\_synergies_lymphoid.csv,0,
lymphoid,inhibitor_combination,success,16.18,C:\Users\viviamsb\OneDrive - NTNU\PhD Folder\Pipeline\trafikk_paper\results\Sanger-2024\05_synco\output\_synco_config_lymphoid_inhibitor_combination.json,C:\Users\viviamsb\OneDrive - NTNU\PhD Folder\Pipeline\trafikk_paper\results\Sanger-2024\05_synco\input\_synergies_lymphoid.csv,0,
ovary,cell_line,success,6.69,C:\Users\viviamsb\OneDrive - NTNU\PhD Folder\Pipeline\trafikk_paper\results\Sanger-2024\05_synco\output\_synco_config_ovary_cell_line.json,C:\Users\viviamsb\OneDrive - NTNU\PhD Folder\Pipeline\trafikk_paper\results\Sanger-2024\05_synco\input\_synergies_ovary.csv,0,
ovary,inhibitor_combination,success,6.36,C:\Users\viviamsb\OneDrive - NTNU\PhD Folder\Pipeline\trafikk_paper\results\Sanger-2024\05_synco\output\_synco_config_ovary_inhibitor_combination.json,C:\Users\viviamsb\OneDrive - NTNU\PhD Folder\Pipeline\trafikk_paper\results\Sanger-2024\05_synco\input\_synergies_ovary.csv,0,
pancreas,cell_line,success,5.89,C:\Users\viviamsb\OneDrive - NTNU\PhD Folder\Pipeline\trafikk_paper\results\Sanger-2024\05_synco\output\_synco_config_pancreas_cell_line.json,C:\Users\viviamsb\OneDrive - NTNU\PhD Folder\Pipeline\trafikk_paper\results\Sanger-2024\05_synco\input\_synergies_pancreas.csv,0,
pancreas,inhibitor_combination,success,6.31,C:\Users\viviamsb\OneDrive - NTNU\PhD Folder\Pipeline\trafikk_paper\results\Sanger-2024\05_synco\output\_synco_config_pancreas_inhibitor_combination.json,C:\Users\viviamsb\OneDrive - NTNU\PhD Folder\Pipeline\trafikk_paper\results\Sanger-2024\05_synco\input\_synergies_pancreas.csv,0,
pns,cell_line,success,6.05,C:\Users\viviamsb\OneDrive - NTNU\PhD Folder\Pipeline\trafikk_paper\results\Sanger-2024\05_synco\output\_synco_config_pns_cell_line.json,C:\Users\viviamsb\OneDrive - NTNU\PhD Folder\Pipeline\trafikk_paper\results\Sanger-2024\05_synco\input\_synergies_pns.csv,0,
pns,inhibitor_combination,success,4.95,C:\Users\viviamsb\OneDrive - NTNU\PhD Folder\Pipeline\trafikk_paper\results\Sanger-2024\05_synco\output\_synco_config_pns_inhibitor_combination.json,C:\Users\viviamsb\OneDrive - NTNU\PhD Folder\Pipeline\trafikk_paper\results\Sanger-2024\05_synco\input\_synergies_pns.csv,0,
prostate,cell_line,success,4.27,C:\Users\viviamsb\OneDrive - NTNU\PhD Folder\Pipeline\trafikk_paper\results\Sanger-2024\05_synco\output\_synco_config_prostate_cell_line.json,C:\Users\viviamsb\OneDrive - NTNU\PhD Folder\Pipeline\trafikk_paper\results\Sanger-2024\05_synco\input\_synergies_prostate.csv,0,
prostate,inhibitor_combination,success,3.23,C:\Users\viviamsb\OneDrive - NTNU\PhD Folder\Pipeline\trafikk_paper\results\Sanger-2024\05_synco\output\_synco_config_prostate_inhibitor_combination.json,C:\Users\viviamsb\OneDrive - NTNU\PhD Folder\Pipeline\trafikk_paper\results\Sanger-2024\05_synco\input\_synergies_prostate.csv,0,
skin,cell_line,success,6.81,C:\Users\viviamsb\OneDrive - NTNU\PhD Folder\Pipeline\trafikk_paper\results\Sanger-2024\05_synco\output\_synco_config_skin_cell_line.json,C:\Users\viviamsb\OneDrive - NTNU\PhD Folder\Pipeline\trafikk_paper\results\Sanger-2024\05_synco\input\_synergies_skin.csv,0,
skin,inhibitor_combination,success,7.16,C:\Users\viviamsb\OneDrive - NTNU\PhD Folder\Pipeline\trafikk_paper\results\Sanger-2024\05_synco\output\_synco_config_skin_inhibitor_combination.json,C:\Users\viviamsb\OneDrive - NTNU\PhD Folder\Pipeline\trafikk_paper\results\Sanger-2024\05_synco\input\_synergies_skin.csv,0,
soft_tissue,cell_line,success,5.11,C:\Users\viviamsb\OneDrive - NTNU\PhD Folder\Pipeline\trafikk_paper\results\Sanger-2024\05_synco\output\_synco_config_soft_tissue_cell_line.json,C:\Users\viviamsb\OneDrive - NTNU\PhD Folder\Pipeline\trafikk_paper\results\Sanger-2024\05_synco\input\_synergies_soft_tissue.csv,0,
soft_tissue,inhibitor_combination,success,5.81,C:\Users\viviamsb\OneDrive - NTNU\PhD Folder\Pipeline\trafikk_paper\results\Sanger-2024\05_synco\output\_synco_config_soft_tissue_inhibitor_combination.json,C:\Users\viviamsb\OneDrive - NTNU\PhD Folder\Pipeline\trafikk_paper\results\Sanger-2024\05_synco\input\_synergies_soft_tissue.csv,0,
stomach,cell_line,success,5.88,C:\Users\viviamsb\OneDrive - NTNU\PhD Folder\Pipeline\trafikk_paper\results\Sanger-2024\05_synco\output\_synco_config_stomach_cell_line.json,C:\Users\viviamsb\OneDrive - NTNU\PhD Folder\Pipeline\trafikk_paper\results\Sanger-2024\05_synco\input\_synergies_stomach.csv,0,
stomach,inhibitor_combination,success,6.49,C:\Users\viviamsb\OneDrive - NTNU\PhD Folder\Pipeline\trafikk_paper\results\Sanger-2024\05_synco\output\_synco_config_stomach_inhibitor_combination.json,C:\Users\viviamsb\OneDrive - NTNU\PhD Folder\Pipeline\trafikk_paper\results\Sanger-2024\05_synco\input\_synergies_stomach.csv,0,
testis,cell_line,success,2.57,C:\Users\viviamsb\OneDrive - NTNU\PhD Folder\Pipeline\trafikk_paper\results\Sanger-2024\05_synco\output\_synco_config_testis_cell_line.json,C:\Users\viviamsb\OneDrive - NTNU\PhD Folder\Pipeline\trafikk_paper\results\Sanger-2024\05_synco\input\_synergies_testis.csv,0,
testis,inhibitor_combination,success,3.58,C:\Users\viviamsb\OneDrive - NTNU\PhD Folder\Pipeline\trafikk_paper\results\Sanger-2024\05_synco\output\_synco_config_testis_inhibitor_combination.json,C:\Users\viviamsb\OneDrive - NTNU\PhD Folder\Pipeline\trafikk_paper\results\Sanger-2024\05_synco\input\_synergies_testis.csv,0,
thyroid,cell_line,success,5.11,C:\Users\viviamsb\OneDrive - NTNU\PhD Folder\Pipeline\trafikk_paper\results\Sanger-2024\05_synco\output\_synco_config_thyroid_cell_line.json,C:\Users\viviamsb\OneDrive - NTNU\PhD Folder\Pipeline\trafikk_paper\results\Sanger-2024\05_synco\input\_synergies_thyroid.csv,0,
thyroid,inhibitor_combination,success,6.63,C:\Users\viviamsb\OneDrive - NTNU\PhD Folder\Pipeline\trafikk_paper\results\Sanger-2024\05_synco\output\_synco_config_thyroid_inhibitor_combination.json,C:\Users\viviamsb\OneDrive - NTNU\PhD Folder\Pipeline\trafikk_paper\results\Sanger-2024\05_synco\input\_synergies_thyroid.csv,0,
uterus,cell_line,success,3.77,C:\Users\viviamsb\OneDrive - NTNU\PhD Folder\Pipeline\trafikk_paper\results\Sanger-2024\05_synco\output\_synco_config_uterus_cell_line.json,C:\Users\viviamsb\OneDrive - NTNU\PhD Folder\Pipeline\trafikk_paper\results\Sanger-2024\05_synco\input\_synergies_uterus.csv,0,
uterus,inhibitor_combination,success,3.71,C:\Users\viviamsb\OneDrive - NTNU\PhD Folder\Pipeline\trafikk_paper\results\Sanger-2024\05_synco\output\_synco_config_uterus_inhibitor_combination.json,C:\Users\viviamsb\OneDrive - NTNU\PhD Folder\Pipeline\trafikk_paper\results\Sanger-2024\05_synco\input\_synergies_uterus.csv,0,
vulva,cell_line,success,3.7,C:\Users\viviamsb\OneDrive - NTNU\PhD Folder\Pipeline\trafikk_paper\results\Sanger-2024\05_synco\output\_synco_config_vulva_cell_line.json,C:\Users\viviamsb\OneDrive - NTNU\PhD Folder\Pipeline\trafikk_paper\results\Sanger-2024\05_synco\input\_synergies_vulva.csv,0,
vulva,inhibitor_combination,success,2.65,C:\Users\viviamsb\OneDrive - NTNU\PhD Folder\Pipeline\trafikk_paper\results\Sanger-2024\05_synco\output\_synco_config_vulva_inhibitor_combination.json,C:\Users\viviamsb\OneDrive - NTNU\PhD Folder\Pipeline\trafikk_paper\results\Sanger-2024\05_synco\input\_synergies_vulva.csv,0,
