cell_line,tissue,True Positive,True Negative,False Positive,False Negative,Total,Match,Mismatch,Match %,Mismatch %,Accuracy,Recall,Precision,balanced_accuracy,failure_reason,roc_auc,pr_auc,f1_score,n_positive,n_negative,pred_min,valid_matched_rows,missing_predictions,invalid_experimental_values,invalid_predictions
TGBC1TKB,biliary,8.0,1.0,1.0,4.0,14.0,9.0,5.0,64.28571428571429,35.714285714285715,64.29,66.67,88.89,0.4666666666666667,success,0.3888888888888889,0.8009773559773559,0.875,15.0,3.0,-0.4402823079537144,18,16,0,11
HT1376,bladder,7.0,6.0,7.0,5.0,25.0,13.0,12.0,52.0,48.0,52.0,58.33,50.0,0.5,success,0.4722222222222222,0.5160411302475139,0.6923076923076923,18.0,16.0,-0.4807934056018341,34,0,0,0
KU1919,bladder,15.0,0.0,8.0,2.0,25.0,15.0,10.0,60.0,40.0,60.0,88.24,65.22,0.4523809523809524,success,0.4633699633699634,0.6815944493823249,0.7169811320754716,21.0,13.0,-0.3942096564973912,34,0,0,0
UMUC3,bladder,19.0,1.0,0.0,5.0,25.0,20.0,5.0,80.0,20.0,80.0,79.17,100.0,0.4838709677419355,success,0.4838709677419355,0.9139686315877954,0.9375,31.0,3.0,-0.5024492993852825,34,0,0,0
EW13,bone,6.0,0.0,2.0,2.0,10.0,6.0,4.0,60.0,40.0,60.0,75.0,75.0,0.45,success,0.475,0.7127805527805529,0.782608695652174,10.0,4.0,-0.4402823079537144,14,14,0,9
SKES1,bone,13.0,2.0,3.0,7.0,25.0,15.0,10.0,60.0,40.0,60.0,65.0,81.25,0.4782608695652174,success,0.4743083003952569,0.6747944464425756,0.7857142857142857,23.0,11.0,-0.5003606278669349,34,0,0,0
BT549,breast,5.0,3.0,4.0,2.0,14.0,8.0,6.0,57.14285714285714,42.85714285714285,57.14,71.43,55.56,0.4285714285714285,success,0.3311688311688311,0.3335886335886336,0.5,7.0,11.0,-0.4734534294680506,18,16,0,11
MDAMB453,breast,14.0,2.0,9.0,0.0,25.0,16.0,9.0,64.0,36.0,64.0,100.0,60.87,0.5555555555555556,success,0.3819444444444444,0.413247947755455,0.6666666666666666,16.0,18.0,-0.4487002651575547,34,0,0,0
UACC893,breast,6.0,2.0,9.0,0.0,17.0,8.0,9.0,47.05882352941176,52.94117647058824,47.06,100.0,40.0,0.5714285714285714,success,0.4523809523809524,0.2926767676767676,0.5,6.0,14.0,-0.4487002651575547,20,0,0,0
MS751,cervix,1.0,4.0,8.0,1.0,14.0,5.0,9.0,35.714285714285715,64.28571428571429,35.71,50.0,11.11,0.5333333333333333,success,0.4444444444444444,0.2254901960784313,0.3,3.0,15.0,-0.5535657950404682,18,16,0,11
KALS1,cns,6.0,1.0,3.0,4.0,14.0,7.0,7.0,50.0,50.0,50.0,60.0,66.67,0.4615384615384615,success,0.3307692307692308,0.6860315463822251,0.8,13.0,5.0,-0.5025320984962852,18,16,0,11
LNZTA3WT4,cns,7.0,1.0,1.0,1.0,10.0,8.0,2.0,80.0,20.0,80.0,87.5,87.5,0.45,success,0.4875,0.7668831168831168,0.782608695652174,10.0,4.0,-0.4413184592891929,14,14,0,9
MOGGUVW,cns,9.0,0.0,0.0,5.0,14.0,9.0,5.0,64.28571428571429,35.714285714285715,64.29,64.29,100.0,0.4705882352941176,success,0.2058823529411764,0.9201735932272264,0.9411764705882352,17.0,1.0,-0.4402823079537144,18,16,0,11
ONS76,cns,6.0,0.0,3.0,5.0,14.0,6.0,8.0,42.85714285714285,57.14285714285714,42.86,54.55,66.67,0.4642857142857143,success,0.2410714285714285,0.7103320115925158,0.8387096774193549,14.0,4.0,-0.4482387550996228,18,16,0,11
SKPNDW,cns,8.0,2.0,1.0,3.0,14.0,10.0,4.0,71.42857142857143,28.57142857142857,71.43,72.73,88.89,0.4545454545454545,success,0.4545454545454545,0.5971974994702267,0.7142857142857143,11.0,7.0,-0.4402823079537144,18,16,0,11
GP5D,colon,11.0,2.0,3.0,9.0,25.0,13.0,12.0,52.0,48.0,52.0,55.0,78.57,0.5625,success,0.4519230769230769,0.7838278889759438,0.8813559322033898,26.0,8.0,-0.516303912782518,34,0,0,0
KM12,colon,6.0,2.0,3.0,3.0,14.0,8.0,6.0,57.14285714285714,42.85714285714285,57.14,66.67,66.67,0.4583333333333333,success,0.375,0.665489024864025,0.7586206896551724,12.0,6.0,-0.4413184592891929,18,16,0,11
KLE,endometrium,9.0,5.0,8.0,3.0,25.0,14.0,11.0,56.00000000000001,44.0,56.0,75.0,52.94,0.5238095238095238,success,0.4157509157509157,0.3439085762856304,0.5652173913043478,13.0,21.0,-0.5467360155282758,34,0,0,0
RL952,endometrium,4.0,2.0,5.0,3.0,14.0,6.0,8.0,42.85714285714285,57.14285714285714,42.86,57.14,44.44,0.4444444444444444,success,0.4506172839506173,0.5459034792368126,0.6153846153846154,9.0,9.0,-0.4402823079537144,18,16,0,11
KYSE150,esophagus,8.0,1.0,0.0,5.0,14.0,9.0,5.0,64.28571428571429,35.714285714285715,64.29,61.54,100.0,0.5,success,0.4888888888888889,0.8377173044820103,0.9090909090909092,15.0,3.0,-0.5172269990775398,18,16,0,11
KYSE450,esophagus,8.0,2.0,1.0,3.0,14.0,10.0,4.0,71.42857142857143,28.57142857142857,71.43,72.73,88.89,0.4615384615384615,success,0.4846153846153846,0.7375461642429968,0.8,13.0,5.0,-0.5020514182228908,18,16,0,11
JHU022,head,9.0,4.0,7.0,5.0,25.0,13.0,12.0,52.0,48.0,52.0,64.29,56.25,0.5,success,0.3840830449826989,0.4422340194190997,0.6666666666666666,17.0,17.0,-0.5116160680441351,34,0,0,0
HLE,liver,11.0,3.0,5.0,6.0,25.0,14.0,11.0,56.00000000000001,44.0,56.0,64.71,68.75,0.5384615384615384,success,0.4249084249084249,0.6004867684360174,0.7777777777777778,21.0,13.0,-0.5003606278669349,34,0,0,0
KNS62,lung,6.0,2.0,3.0,3.0,14.0,8.0,6.0,57.14285714285714,42.85714285714285,57.14,66.67,66.67,0.4583333333333333,success,0.4722222222222222,0.6849025974025974,0.7586206896551724,12.0,6.0,-0.5397830878869314,18,16,0,11
LCLC103H,lung,6.0,3.0,2.0,3.0,14.0,9.0,5.0,64.28571428571429,35.714285714285715,64.29,66.67,75.0,0.5,success,0.4320987654320988,0.4514768637317657,0.6666666666666666,9.0,9.0,-0.5172269990775398,18,16,0,11
LU65,lung,10.0,1.0,1.0,2.0,14.0,11.0,3.0,78.57142857142857,21.428571428571427,78.57,83.33,90.91,0.6875,success,0.46875,0.8816863181752889,0.9032258064516128,16.0,2.0,-0.3736561009248142,18,16,0,11
NCIH1792,lung,14.0,0.0,2.0,9.0,25.0,14.0,11.0,56.00000000000001,44.0,56.0,60.87,87.5,0.4827586206896552,success,0.403448275862069,0.8512199290505277,0.9032258064516128,29.0,5.0,-0.5084986617068908,34,0,0,0
NCIH1915,lung,4.0,2.0,5.0,3.0,14.0,6.0,8.0,42.85714285714285,57.14285714285714,42.86,57.14,44.44,0.45,success,0.4499999999999999,0.613269459298871,0.6666666666666666,10.0,8.0,-0.4676621444253515,18,16,0,11
NCIH322M,lung,10.0,3.0,7.0,5.0,25.0,13.0,12.0,52.0,48.0,52.0,66.67,58.82,0.5277777777777778,success,0.4826388888888889,0.4989788810186883,0.6530612244897959,16.0,18.0,-0.54932470036427,34,0,0,0
SKMES1,lung,15.0,0.0,1.0,9.0,25.0,15.0,10.0,60.0,40.0,60.0,62.5,93.75,0.5,success,0.3359375,0.9284801985721768,0.9696969696969696,32.0,2.0,-0.5116160680441351,34,0,0,0
A3KAW,lymphoid,11.0,2.0,4.0,7.0,24.0,13.0,11.0,54.16666666666666,45.83333333333333,54.17,61.11,73.33,0.4782608695652174,success,0.4804347826086956,0.7552494975285999,0.8,23.0,10.0,-0.4459617914833336,33,0,0,0
CA46,lymphoid,10.0,3.0,7.0,5.0,25.0,13.0,12.0,52.0,48.0,52.0,66.67,58.82,0.5263157894736842,success,0.4192982456140351,0.4511164452831119,0.625,15.0,19.0,-0.5080823613010655,34,0,0,0
CTV1,lymphoid,15.0,0.0,8.0,2.0,25.0,15.0,10.0,60.0,40.0,60.0,88.24,65.22,0.4545454545454545,success,0.409090909090909,0.6978047103907354,0.7407407407407407,22.0,12.0,-0.4102583382147888,34,0,0,0
L1236,lymphoid,11.0,5.0,6.0,3.0,25.0,16.0,9.0,64.0,36.0,64.0,78.57,64.71,0.5263157894736842,success,0.4849624060150376,0.4606677354633939,0.6086956521739131,14.0,19.0,-0.5080823613010655,33,0,0,0
L428,lymphoid,14.0,4.0,3.0,4.0,25.0,18.0,7.0,72.0,28.000000000000004,72.0,77.78,82.35,0.475,success,0.4303571428571429,0.5676158549619816,0.7169811320754716,20.0,14.0,-0.5080823613010655,34,0,0,0
L540,lymphoid,10.0,5.0,5.0,5.0,25.0,15.0,10.0,60.0,40.0,60.0,66.67,66.67,0.4411764705882353,success,0.4204152249134948,0.4677461144485418,0.5957446808510638,17.0,17.0,-0.5022667759779467,34,0,0,0
MV411,lymphoid,12.0,1.0,3.0,9.0,25.0,13.0,12.0,52.0,48.0,52.0,57.14,80.0,0.5114285714285715,success,0.4942857142857143,0.825925446638612,0.8301886792452831,25.0,7.0,-0.5022667759779467,32,0,0,0
RPMI8866,lymphoid,13.0,1.0,1.0,10.0,25.0,14.0,11.0,56.00000000000001,44.0,56.0,56.52,92.86,0.4821428571428571,success,0.3452380952380952,0.7793760763129158,0.8852459016393442,28.0,6.0,-0.5056240000359584,34,0,0,0
TK,lymphoid,13.0,2.0,3.0,7.0,25.0,15.0,10.0,60.0,40.0,60.0,65.0,81.25,0.5,success,0.4407114624505929,0.6566458739595564,0.8070175438596491,23.0,11.0,-0.5116160680441351,34,0,0,0
OVCA420,ovary,15.0,1.0,3.0,6.0,25.0,16.0,9.0,64.0,36.0,64.0,71.43,83.33,0.48,success,0.4511111111111111,0.7556711159426438,0.8275862068965517,25.0,9.0,-0.5432966276848364,34,0,0,0
RMGI,ovary,6.0,6.0,9.0,4.0,25.0,12.0,13.0,48.0,52.0,48.0,60.0,40.0,0.5227272727272727,success,0.3541666666666666,0.2988740374692387,0.5333333333333333,12.0,22.0,-0.5354076074552389,34,0,0,0
BPH1,prostate,9.0,2.0,2.0,12.0,25.0,11.0,14.0,44.0,56.00000000000001,44.0,42.86,81.82,0.4,success,0.4133333333333333,0.7597013041204119,0.7407407407407407,25.0,9.0,-0.483080329817562,34,0,0,0
LNCAPCLONEFGC,prostate,3.0,4.0,6.0,1.0,14.0,7.0,7.0,50.0,50.0,50.0,75.0,33.33,0.4,success,0.4846153846153846,0.3176767676767676,0.3636363636363636,5.0,13.0,-0.4398752533902615,18,16,0,11
C32,skin,9.0,3.0,5.0,8.0,25.0,12.0,13.0,48.0,52.0,48.0,52.94,64.29,0.475,success,0.4267857142857143,0.6320072973045225,0.7169811320754716,20.0,14.0,-0.4806418073973935,34,0,0,0
GAK,skin,9.0,0.0,0.0,5.0,14.0,9.0,5.0,64.28571428571429,35.714285714285715,64.29,64.29,100.0,0.4705882352941176,success,0.088235294117647,0.8858598677370303,0.9411764705882352,17.0,1.0,-0.5263957853092917,18,16,0,11
WM115,skin,11.0,4.0,3.0,7.0,25.0,15.0,10.0,60.0,40.0,60.0,61.11,78.57,0.4772727272727273,success,0.4981060606060605,0.7132062547876294,0.7636363636363637,22.0,12.0,-0.5329684585401225,34,0,0,0
MKN45,stomach,21.0,1.0,2.0,1.0,25.0,22.0,3.0,88.0,12.0,88.0,95.45,91.3,0.5827586206896552,success,0.4758620689655172,0.8652044291364991,0.918032786885246,29.0,5.0,-0.4981142522298688,34,0,0,0
