SIDM,cell_line_name,tissue
SIDM01076,697,Lymphoid
SIDM00807,5637,Bladder
SIDM00499,22RV1,Prostate
SIDM00980,23132-87,Stomach
SIDM00982,42-MG-BA,CNS
SIDM00999,639-V,Bladder
SIDM00983,647-V,Bladder
SIDM00803,769-P,Kidney
SIDM00125,786-0,Kidney
SIDM00997,8305C,Thyroid
SIDM00996,8505C,Thyroid
SIDM00998,8-MG-BA,CNS
SIDM00801,A101D,Skin
SIDM00799,A172,CNS
SIDM00798,A204,Soft_tissue
SIDM00797,A2058,Skin
SIDM00796,A253,Head
SIDM00210,A2780,Ovary
SIDM00795,A375,Skin
SIDM00495,A3-KAW,Lymphoid
SIDM00124,A498,Kidney
SIDM00502,A4-Fuk,Lymphoid
SIDM00903,A549,Lung
SIDM00848,A673,Bone
SIDM00849,A704,Kidney
SIDM00123,ACHN,Kidney
SIDM00850,AGS,Stomach
SIDM00211,ALL-PO,Lymphoid
SIDM00994,ALL-SIL,Lymphoid
SIDM00492,AM-38,CNS
SIDM00993,AMO-1,Lymphoid
SIDM00901,AN3-CA,Endometrium
SIDM00900,ARH-77,Lymphoid
SIDM00491,ASH-3,Thyroid
SIDM00899,AsPC-1,Pancreas
SIDM00233,ATN-1,Lymphoid
SIDM00898,AU565,Breast
SIDM00287,BALL-1,Lymphoid
SIDM00174,BB49-HNC,Head
SIDM00896,BC-1,Lymphoid
SIDM00992,B-CPAP,Thyroid
SIDM01245,BE-13,Lymphoid
SIDM01229,BE2-M17,PNS
SIDM00490,Becker,CNS
SIDM00989,BFTC-905,Bladder
SIDM00988,BFTC-909,Kidney
SIDM00987,BHT-101,Thyroid
SIDM00077,BICR10,Head
SIDM00485,BICR22,Head
SIDM00501,BICR78,Head
SIDM00985,BL-41,Lymphoid
SIDM00964,BPH-1,Prostate
SIDM00893,BT-20,Breast
SIDM00963,BT-474,Breast
SIDM00892,BT-483,Breast
SIDM00122,BT-549,Breast
SIDM00962,BV-173,Lymphoid
SIDM00132,BxPC-3,Pancreas
SIDM01233,C2BBe1,Colon
SIDM00890,C32,Skin
SIDM00889,C-33-A,Cervix
SIDM01237,C3A,Liver
SIDM00905,C-4-I,Cervix
SIDM00907,CA46,Lymphoid
SIDM00489,Ca9-22,Head
SIDM00961,CADO-ES1,Bone
SIDM00940,CAL-120,Breast
SIDM00938,CAL-148,Breast
SIDM00937,CAL-27,Head
SIDM00936,CAL-29,Bladder
SIDM00942,CAL-33,Head
SIDM00935,CAL-39,Vulva
SIDM00933,CAL-51,Breast
SIDM00932,CAL-54,Kidney
SIDM00931,CAL-62,Thyroid
SIDM00930,CAL-72,Bone
SIDM00929,CAL-78,Bone
SIDM00928,CAL-85-1,Breast
SIDM00922,Calu-3,Lung
SIDM00921,Calu-6,Lung
SIDM00920,CAMA-1,Breast
SIDM00918,Caov-4,Ovary
SIDM00934,CAPAN-1,Pancreas
SIDM00943,CAPAN-2,Pancreas
SIDM00488,CaR-1,Colon
SIDM00212,CAS-1,CNS
SIDM00923,Ca-Ski,Cervix
SIDM00487,CCK-81,Colon
SIDM00121,CCRF-CEM,Lymphoid
SIDM00917,CESS,Lymphoid
SIDM00130,CFPAC-1,Pancreas
SIDM01248,CGTH-W-1,Thyroid
SIDM01228,CHL-1,Skin
SIDM00285,CHP-134,PNS
SIDM00910,CHP-212,PNS
SIDM00176,CHSA8926,Bone
SIDM00944,CL-11,Colon
SIDM00960,CL-40,Colon
SIDM00958,CML-T1,Lymphoid
SIDM00826,COLO-205,Colon
SIDM00842,COLO-320-HSR,Colon
SIDM00143,COLO-668,Lung
SIDM00957,COLO-678,Colon
SIDM00284,COLO-679,Skin
SIDM00956,COLO-680N,Esophagus
SIDM00142,COLO-684,Endometrium
SIDM00140,COLO-792,Skin
SIDM00954,COLO-824,Breast
SIDM00909,COLO-829,Skin
SIDM00513,COR-L105,Lung
SIDM00512,COR-L23,Lung
SIDM00511,COR-L279,Lung
SIDM00509,COR-L311,Lung
SIDM00508,COR-L32,Lung
SIDM00506,COR-L88,Lung
SIDM00521,COR-L95,Lung
SIDM00953,CPC-N,Lung
SIDM00199,CS1,Bone
SIDM00951,CTV-1,Lymphoid
SIDM00282,CW-2,Colon
SIDM00732,D-263MG,CNS
SIDM00888,D-283MED,CNS
SIDM00542,D-392MG,CNS
SIDM00950,DAN-G,Pancreas
SIDM00887,Daoy,CNS
SIDM00845,Daudi,Lymphoid
SIDM00886,DB,Lymphoid
SIDM00867,DBTRG-05MG,CNS
SIDM00949,DEL,Lymphoid
SIDM00831,Detroit562,Head
SIDM00948,DG-75,Lymphoid
SIDM00049,DiFi,Colon
SIDM00947,DK-MG,CNS
SIDM00865,DMS-114,Lung
SIDM00522,DMS-273,Lung
SIDM00523,DMS-53,Lung
SIDM00946,DND-41,Lymphoid
SIDM00540,DOK,Head
SIDM00864,DoTc2-4510,Cervix
SIDM00969,DOV13,Ovary
SIDM00970,DSH1,Bladder
SIDM00120,DU-145,Prostate
SIDM01001,DU-4475,Breast
SIDM00863,EB2,Lymphoid
SIDM00793,EB-3,Lymphoid
SIDM00486,EBC-1,Lung
SIDM00280,ECC10,Stomach
SIDM00278,EC-GI-10,Esophagus
SIDM01056,EFM-19,Breast
SIDM01002,EFM-192A,Breast
SIDM01052,EFO-21,Ovary
SIDM01050,EGI-1,Biliary
SIDM01048,EJM,Lymphoid
SIDM01047,EM-2,Lymphoid
SIDM00047,EMC-BAC-2,Lung
SIDM01045,EN,Endometrium
SIDM00277,EoL-1-cell,Lymphoid
SIDM01044,EPLC-272H,Lung
SIDM00266,ES1,Bone
SIDM00861,ES-2,Ovary
SIDM00264,ES4,Bone
SIDM00262,ES6,Bone
SIDM00269,ES7,Bone
SIDM00261,ES8,Bone
SIDM00539,ESO26,Esophagus
SIDM00538,ESO51,Esophagus
SIDM01043,ESS-1,Endometrium
SIDM00276,ETK-1,Biliary
SIDM01042,EVSA-T,Breast
SIDM00205,EW-1,Bone
SIDM00203,EW-11,Bone
SIDM00621,EW-13,Bone
SIDM00198,EW-16,Bone
SIDM00197,EW-18,Bone
SIDM00196,EW-22,Bone
SIDM00195,EW-24,Bone
SIDM00202,EW-3,Bone
SIDM00201,EW-7,Bone
SIDM00860,FADU,Head
SIDM01041,FLO-1,Esophagus
SIDM00213,FTC-133,Thyroid
SIDM00503,FU97,Stomach
SIDM01040,FU-OV-1,Ovary
SIDM00858,G-292-Clone-A141B1,Bone
SIDM00857,G-361,Skin
SIDM00856,G-401,Kidney
SIDM00855,G-402,Soft_tissue
SIDM00854,GA-10,Lymphoid
SIDM00543,GAK,Skin
SIDM01055,GAMG,CNS
SIDM00581,GB-1,CNS
SIDM00274,GCIY,Stomach
SIDM00853,GCT,Soft_tissue
SIDM01057,GDM-1,Lymphoid
SIDM00273,GI-1,CNS
SIDM00227,GI-ME-N,PNS
SIDM00544,GOTO,PNS
SIDM00537,GP5d,Colon
SIDM01058,GRANTA-519,Lymphoid
SIDM01259,GR-ST,Lymphoid
SIDM00852,H4,CNS
SIDM01251,H9,Lymphoid
SIDM00289,HAL-01,Lymphoid
SIDM00598,HARA,Lung
SIDM01073,HC-1,Lymphoid
SIDM00866,HCC1143,Breast
SIDM00885,HCC1187,Breast
SIDM00884,HCC1395,Breast
SIDM00882,HCC1419,Breast
SIDM00881,HCC1428,Breast
SIDM01072,HCC-15,Lung
SIDM00879,HCC1500,Breast
SIDM00877,HCC1599,Breast
SIDM00875,HCC1806,Breast
SIDM00874,HCC1937,Breast
SIDM00872,HCC1954,Breast
SIDM00774,HCC2157,Breast
SIDM00118,HCC2998,Colon
SIDM00675,HCC38,Breast
SIDM01069,HCC-44,Lung
SIDM00673,HCC70,Breast
SIDM01068,HCC-78,Lung
SIDM01067,HCC-827,Lung
SIDM00783,HCT-116,Colon
SIDM00789,HCT-15,Colon
SIDM01064,HDLM-2,Lymphoid
SIDM01063,HD-MY-Z,Lymphoid
SIDM01062,HDQ-P1,Breast
SIDM00596,HEC-1,Endometrium
SIDM00846,HeLa,Cervix
SIDM00535,H-EMC-SS,Bone
SIDM00968,Hey,Ovary
SIDM00290,HGC-27,Stomach
SIDM00671,HH,Lymphoid
SIDM00829,HL-60,Lymphoid
SIDM00064,HLE,Liver
SIDM00291,HMV-II,Skin
SIDM00592,HO-1-N-1,Head
SIDM00591,HO-1-u-1,Head
SIDM00133,HOP-62,Lung
SIDM00134,HOP-92,Lung
SIDM00806,HOS,Bone
SIDM00670,HPAC,Pancreas
SIDM00669,HPAF-II,Pancreas
SIDM00668,Hs-445,Lymphoid
SIDM00135,Hs-578-T,Breast
SIDM00667,Hs-633T,Soft_tissue
SIDM00665,Hs-746T,Stomach
SIDM00664,Hs-766T,Pancreas
SIDM00590,HSC-2,Head
SIDM00589,HSC-3,Head
SIDM00045,HSC-39,Stomach
SIDM00588,HSC-4,Head
SIDM00828,HT-1080,Soft_tissue
SIDM00676,HT-1197,Bladder
SIDM00678,HT-1376,Bladder
SIDM00695,HT-144,Skin
SIDM00136,HT-29,Colon
SIDM00679,HT-3,Cervix
SIDM00541,HT55,Colon
SIDM00496,HTC-C3,Thyroid
SIDM00587,HuCCT1,Biliary
SIDM00586,huH-1,Liver
SIDM00585,HuH-7,Liver
SIDM00584,HuO-3N1,Bone
SIDM00599,HuO9,Bone
SIDM00533,HuP-T3,Pancreas
SIDM00531,HuP-T4,Pancreas
SIDM00306,IA-LM,Lung
SIDM01060,IGR-1,Skin
SIDM01066,IGR-37,Skin
SIDM00151,IGROV-1,Ovary
SIDM00600,IHH-4,Thyroid
SIDM00632,IM-9,Lymphoid
SIDM00602,IM-95,Stomach
SIDM01206,IMR-5,PNS
SIDM00225,IST-MEL1,Skin
SIDM00224,IST-MES1,Lung
SIDM00230,IST-SL2,Lung
SIDM00693,J82,Bladder
SIDM00618,JHH-1,Liver
SIDM00617,JHH-2,Liver
SIDM00616,JHH-4,Liver
SIDM00615,JHH-6,Liver
SIDM00614,JHH-7,Liver
SIDM00127,JHU-022,Head
SIDM01037,JIMT-1,Breast
SIDM00808,JiyoyeP-2003,Lymphoid
SIDM01036,JJN-3,Lymphoid
SIDM00688,JSC-1,Lymphoid
SIDM01015,JURL-MK1,Lymphoid
SIDM01013,JVM-2,Lymphoid
SIDM01012,JVM-3,Lymphoid
SIDM00056,K5,Thyroid
SIDM00791,K-562,Lymphoid
SIDM00613,KALS-1,CNS
SIDM01011,KARPAS-1106P,Lymphoid
SIDM01017,KARPAS-231,Lymphoid
SIDM01010,KARPAS-299,Lymphoid
SIDM01008,KARPAS-422,Lymphoid
SIDM01007,KARPAS-45,Lymphoid
SIDM01006,KARPAS-620,Lymphoid
SIDM00687,KATOIII,Stomach
SIDM01004,KCL-22,Lymphoid
SIDM01003,KE-37,Lymphoid
SIDM01009,KELLY,PNS
SIDM00785,KG-1,Lymphoid
SIDM00302,KGN,Ovary
SIDM00612,KINGS-1,CNS
SIDM00686,KLE,Endometrium
SIDM00150,KM12,Colon
SIDM01018,KM-H2,Lymphoid
SIDM01019,KMOE-2,Lymphoid
SIDM00611,KMRC-1,Kidney
SIDM00609,KMRC-20,Kidney
SIDM01020,KMS-12-BM,Lymphoid
SIDM00606,KNS-62,Lung
SIDM01034,KOPN-8,Lymphoid
SIDM00583,KP-1N,Pancreas
SIDM00582,KP-2,Pancreas
SIDM00571,KP-3,Pancreas
SIDM00301,KP-4,Pancreas
SIDM00556,KP-N-YN,PNS
SIDM00555,KS-1,CNS
SIDM01033,KU-19-19,Bladder
SIDM00308,KU812,Lymphoid
SIDM00554,KURAMOCHI,Ovary
SIDM00553,KY821,Lymphoid
SIDM00530,KYAE-1,Esophagus
SIDM00552,KYM-1,Soft_tissue
SIDM01032,KYSE-140,Esophagus
SIDM01031,KYSE-150,Esophagus
SIDM01030,KYSE-180,Esophagus
SIDM00551,KYSE-220,Esophagus
SIDM01029,KYSE-270,Esophagus
SIDM01028,KYSE-410,Esophagus
SIDM01027,KYSE-450,Esophagus
SIDM00550,KYSE-50,Esophagus
SIDM01025,KYSE-520,Esophagus
SIDM01024,KYSE-70,Esophagus
SIDM00313,L-1236,Lymphoid
SIDM00312,L-363,Lymphoid
SIDM00327,L-428,Lymphoid
SIDM00329,L-540,Lymphoid
SIDM00346,LAMA-84,Lymphoid
SIDM00182,LB771-HNC,Head
SIDM00181,LB831-BLC,Bladder
SIDM00180,LB996-RCC,Kidney
SIDM00300,LC-1-sq,Lung
SIDM00549,LC4-1,Lymphoid
SIDM00345,LCLC-103H,Lung
SIDM00344,LCLC-97TM1,Lung
SIDM00548,LK-2,Lung
SIDM00685,LN-18,CNS
SIDM00684,LN-229,CNS
SIDM00343,LN-405,CNS
SIDM00683,LNCaP-Clone-FGC,Prostate
SIDM01220,LNZTA3WT4,CNS
SIDM00342,LOUCY,Lymphoid
SIDM00341,LOU-NH91,Lung
SIDM00839,LoVo,Colon
SIDM00149,LOXIMVI,Skin
SIDM00776,LS-123,Colon
SIDM00680,LS-180,Colon
SIDM00660,LS-411N,Colon
SIDM00677,LS-513,Colon
SIDM00294,LU-135,Lung
SIDM00293,LU-139,Lung
SIDM00292,LU-165,Lung
SIDM00547,LU-65,Lung
SIDM01219,LU-99A,Lung
SIDM00339,LXF-289,Lung
SIDM00659,M059J,CNS
SIDM00003,M14,Skin
SIDM00636,MC-CAR,Lymphoid
SIDM00148,MCF7,Breast
SIDM00529,MDA-MB-157,Breast
SIDM00633,MDA-MB-175-VII,Breast
SIDM00146,MDA-MB-231,Breast
SIDM00528,MDA-MB-361,Breast
SIDM00630,MDA-MB-415,Breast
SIDM00629,MDA-MB-436,Breast
SIDM00272,MDA-MB-453,Breast
SIDM00628,MDA-MB-468,Breast
SIDM00527,MDST8,Colon
SIDM00338,ME-1,Lymphoid
SIDM00627,ME-180,Cervix
SIDM00526,MEG-01,Lymphoid
SIDM00336,MEL-JUSO,Skin
SIDM00625,MES-SA,Uterus
SIDM00545,Mewo,Skin
SIDM00335,MFE-280,Endometrium
SIDM00334,MFE-296,Endometrium
SIDM00333,MFE-319,Endometrium
SIDM00299,MFH-ino,Soft_tissue
SIDM00332,MFM-223,Breast
SIDM00525,MG-63,Bone
SIDM00331,MHH-CALL-2,Lymphoid
SIDM00386,MHH-ES-1,Bone
SIDM00388,MHH-PREB-1,Lymphoid
SIDM00505,MIA-PaCa-2,Pancreas
SIDM00271,MKN1,Stomach
SIDM00260,MKN28,Stomach
SIDM00247,MKN45,Stomach
SIDM00441,ML-2,Lymphoid
SIDM00561,MLMA,Lymphoid
SIDM01265,MM1S,Lymphoid
SIDM00438,MN-60,Lymphoid
SIDM00532,MOG-G-CCM,CNS
SIDM00504,MOG-G-UVW,CNS
SIDM00437,MOLM-13,Lymphoid
SIDM00434,MOLP-8,Lymphoid
SIDM00433,MOLT-13,Lymphoid
SIDM00431,MOLT-16,Lymphoid
SIDM00145,MOLT-4,Lymphoid
SIDM01023,MONO-MAC-6,Lymphoid
SIDM00623,Mo-T,Lymphoid
SIDM00222,MPP-89,Lung
SIDM00562,MRK-nu-1,Breast
SIDM00245,MS-1,Lung
SIDM00638,MS751,Cervix
SIDM00640,MSTO-211H,Lung
SIDM00657,MV-4-11,Lymphoid
SIDM00429,NALM-6,Lymphoid
SIDM00641,NAMALWA,Lymphoid
SIDM00579,NB(TU)1-10,PNS
SIDM00578,NB1,PNS
SIDM00259,NB10,PNS
SIDM00258,NB12,PNS
SIDM00257,NB13,PNS
SIDM00256,NB14,PNS
SIDM00244,NB69,PNS
SIDM00156,NB7,PNS
SIDM00655,NCCIT,Testis
SIDM00654,NCI-H1048,Lung
SIDM00653,NCI-H1092,Lung
SIDM00651,NCI-H1155,Lung
SIDM00649,NCI-H1299,Lung
SIDM00646,NCI-H1341,Lung
SIDM00645,NCI-H1355,Lung
SIDM00642,NCI-H1417,Lung
SIDM00658,NCI-H1435,Lung
SIDM00751,NCI-H1563,Lung
SIDM00750,NCI-H1568,Lung
SIDM00749,NCI-H1573,Lung
SIDM00748,NCI-H1581,Lung
SIDM00747,NCI-H1623,Lung
SIDM00746,NCI-H1648,Lung
SIDM00745,NCI-H1650,Lung
SIDM00744,NCI-H1651,Lung
SIDM00743,NCI-H1666,Lung
SIDM00792,NCI-H1688,Lung
SIDM00742,NCI-H1693,Lung
SIDM00741,NCI-H1694,Lung
SIDM00740,NCI-H1703,Lung
SIDM00738,NCI-H1755,Lung
SIDM00754,NCI-H1781,Lung
SIDM00771,NCI-H1792,Lung
SIDM00755,NCI-H1793,Lung
SIDM00769,NCI-H1838,Lung
SIDM00768,NCI-H1869,Lung
SIDM00766,NCI-H1876,Lung
SIDM00763,NCI-H1915,Lung
SIDM00762,NCI-H1944,Lung
SIDM00761,NCI-H196,Lung
SIDM00760,NCI-H1963,Lung
SIDM00759,NCI-H1975,Lung
SIDM00758,NCI-H1993,Lung
SIDM00756,NCI-H2009,Lung
SIDM00753,NCI-H2023,Lung
SIDM00735,NCI-H2029,Lung
SIDM00713,NCI-H2052,Lung
SIDM00711,NCI-H2066,Lung
SIDM00709,NCI-H2085,Lung
SIDM00708,NCI-H2087,Lung
SIDM00706,NCI-H209,Lung
SIDM00704,NCI-H211,Lung
SIDM00702,NCI-H2122,Lung
SIDM00699,NCI-H2141,Lung
SIDM00716,NCI-H2170,Lung
SIDM00729,NCI-H2228,Lung
SIDM00139,NCI-H226,Lung
SIDM00138,NCI-H23,Lung
SIDM00727,NCI-H2342,Lung
SIDM00726,NCI-H2347,Lung
SIDM00104,NCI-H2369,Lung
SIDM00103,NCI-H2373,Lung
SIDM00724,NCI-H2405,Lung
SIDM00722,NCI-H2452,Lung
SIDM00102,NCI-H2461,Lung
SIDM00101,NCI-H2591,Lung
SIDM00100,NCI-H2595,Lung
SIDM00099,NCI-H2722,Lung
SIDM00098,NCI-H2731,Lung
SIDM00154,NCI-H2795,Lung
SIDM00720,NCI-H28,Lung
SIDM00520,NCI-H2818,Lung
SIDM00517,NCI-H3118,Head
SIDM00137,NCI-H3122,Lung
SIDM00117,NCI-H322M,Lung
SIDM00719,NCI-H345,Lung
SIDM00718,NCI-H358,Lung
SIDM00925,NCI-H441,Lung
SIDM00965,NCI-H446,Lung
SIDM00114,NCI-H513,Lung
SIDM01130,NCI-H520,Lung
SIDM00116,NCI-H522,Lung
SIDM01129,NCI-H524,Lung
SIDM01128,NCI-H526,Lung
SIDM01127,NCI-H596,Lung
SIDM01126,NCI-H64,Lung
SIDM01124,NCI-H650,Lung
SIDM01122,NCI-H661,Lung
SIDM01121,NCI-H69,Lung
SIDM00779,NCI-H716,Colon
SIDM01120,NCI-H720,Lung
SIDM01119,NCI-H727,Lung
SIDM00778,NCI-H747,Colon
SIDM01116,NCI-H810,Lung
SIDM01131,NCI-H82,Lung
SIDM01133,NCI-H835,Lung
SIDM01134,NCI-H841,Lung
SIDM01149,NCI-H847,Lung
SIDM01147,NCI-N87,Stomach
SIDM00243,NEC8,Testis
SIDM00577,NH-12,PNS
SIDM00576,NKM-1,Lymphoid
SIDM00580,NOMO-1,Lymphoid
SIDM00242,NOS-1,Bone
SIDM00572,NUGC-3,Stomach
SIDM00570,NUGC-4,Stomach
SIDM00569,NY,Bone
SIDM00444,OACM5-1,Esophagus
SIDM00445,OACp4C,Esophagus
SIDM00481,OAW-28,Ovary
SIDM00480,OAW-42,Ovary
SIDM00220,OC-314,Ovary
SIDM00446,OCI-AML2,Lymphoid
SIDM00462,OCI-AML3,Lymphoid
SIDM00461,OCI-AML5,Lymphoid
SIDM00458,OCI-M1,Lymphoid
SIDM00241,OCUB-M,Breast
SIDM00568,OCUM-1,Stomach
SIDM00479,OE19,Esophagus
SIDM00478,OE21,Esophagus
SIDM00477,OE33,Esophagus
SIDM00567,ONS-76,CNS
SIDM00457,OPM-2,Lymphoid
SIDM00565,OSC-20,Head
SIDM00239,OS-RC-2,Kidney
SIDM00475,OV-56,Ovary
SIDM01141,OV-90,Ovary
SIDM00967,OVCA420,Ovary
SIDM00105,OVCAR-3,Ovary
SIDM00092,OVCAR-4,Ovary
SIDM00091,OVCAR-5,Ovary
SIDM00090,OVCAR-8,Ovary
SIDM00564,OVISE,Ovary
SIDM00466,OVKATE,Ovary
SIDM00465,OVMIU,Ovary
SIDM00425,OVTOKO,Ovary
SIDM00463,P12-ICHIKAWA,Lymphoid
SIDM00364,P30-OHK,Lymphoid
SIDM00363,P31-FUJ,Lymphoid
SIDM00362,P32-ISH,Lymphoid
SIDM01140,PA-1,Ovary
SIDM01139,PANC-02-03,Pancreas
SIDM01138,PANC-03-27,Pancreas
SIDM01137,PANC-04-03,Pancreas
SIDM01136,PANC-08-13,Pancreas
SIDM01135,PANC-10-05,Pancreas
SIDM00455,PA-TU-8902,Pancreas
SIDM00453,PA-TU-8988T,Pancreas
SIDM00237,PC-14,Lung
SIDM00088,PC-3,Prostate
SIDM00044,PCI-30,Head
SIDM00472,PEO1,Ovary
SIDM00451,PF-382,Lymphoid
SIDM01132,PFSK-1,CNS
SIDM00054,PL18,Pancreas
SIDM00042,PL4,Pancreas
SIDM00469,PSN1,Pancreas
SIDM01114,PWR-1E,Prostate
SIDM00844,Raji,Lymphoid
SIDM01247,Ramos-2G6-4C10,Lymphoid
SIDM00235,RCC10RGB,Kidney
SIDM00817,RCC-JW,Kidney
SIDM00448,RC-K8,Lymphoid
SIDM00359,RCM-1,Colon
SIDM00847,RD,Soft_tissue
SIDM00447,REH,Lymphoid
SIDM00358,RERF-GC-1B,Stomach
SIDM00356,RERF-LC-KJ,Lung
SIDM00354,RERF-LC-Sq1,Lung
SIDM01092,RF-48,Lymphoid
SIDM00427,RH-1,Bone
SIDM00426,RH-41,Soft_tissue
SIDM00353,RKN,Soft_tissue
SIDM01090,RKO,Colon
SIDM01088,RL95-2,Endometrium
SIDM00352,RMG-I,Ovary
SIDM00218,RO82-W-1,Thyroid
SIDM00813,RPMI-6666,Lymphoid
SIDM01087,RPMI-7951,Skin
SIDM00087,RPMI-8226,Lymphoid
SIDM00403,RPMI-8402,Lymphoid
SIDM00482,RPMI-8866,Lymphoid
SIDM01086,RS4-11,Lymphoid
SIDM00402,RT-112,Bladder
SIDM01085,RT4,Bladder
SIDM01084,Saos-2,Bone
SIDM00351,SAS,Head
SIDM00350,SAT,Head
SIDM00367,SBC-3,Lung
SIDM00368,SBC-5,Lung
SIDM01083,SCC-15,Head
SIDM00384,SCC-3,Lymphoid
SIDM01081,SCC-4,Head
SIDM01080,SCC-9,Head
SIDM00085,SF268,CNS
SIDM00083,SF539,CNS
SIDM01079,SH-4,Skin
SIDM01078,SHP-77,Lung
SIDM01093,SiHa,Cervix
SIDM00395,SIMA,PNS
SIDM00394,SISO,Cervix
SIDM01095,SJRH30,Soft_tissue
SIDM01112,SJSA-1,Bone
SIDM01096,SK-CO-1,Colon
SIDM01111,SK-ES-1,Bone
SIDM00381,SKG-IIIa,Cervix
SIDM00393,SK-GT-2,Stomach
SIDM00483,SK-GT-4,Esophagus
SIDM01110,SK-HEP-1,Liver
SIDM01109,SK-LMS-1,Soft_tissue
SIDM01108,SK-LU-1,Lung
SIDM01107,SK-MEL-1,Skin
SIDM00082,SK-MEL-2,Skin
SIDM01106,SK-MEL-24,Skin
SIDM01103,SK-MES-1,Lung
SIDM00379,SK-MG-1,CNS
SIDM00391,SK-MM-2,Lymphoid
SIDM00377,SKN,Uterus
SIDM00375,SKN-3,Head
SIDM01101,SK-N-AS,PNS
SIDM01100,SK-N-DZ,PNS
SIDM01099,SK-N-FI,PNS
SIDM01098,SK-N-SH,PNS
SIDM00079,SK-OV-3,Ovary
SIDM01097,SK-PN-DW,CNS
SIDM01113,SK-UT-1,Uterus
SIDM00374,SLVL,Lymphoid
SIDM00094,SN12C,Kidney
SIDM00373,SNG-M,Endometrium
SIDM01146,SNU-1,Stomach
SIDM01145,SNU-16,Stomach
SIDM00216,SNU-175,Colon
SIDM01151,SNU-182,Liver
SIDM01180,SNU-387,Liver
SIDM01181,SNU-398,Liver
SIDM00214,SNU-407,Colon
SIDM01199,SNU-423,Liver
SIDM01194,SNU-449,Liver
SIDM01144,SNU-5,Stomach
SIDM00194,SNU-61,Colon
SIDM01197,SNU-C1,Colon
SIDM00781,SNU-C2B,Colon
SIDM00498,SNU-C5,Colon
SIDM00096,SR,Lymphoid
SIDM01198,ST486,Lymphoid
SIDM01188,SU8686,Pancreas
SIDM00389,SU-DHL-10,Lymphoid
SIDM00406,SU-DHL-5,Lymphoid
SIDM00407,SU-DHL-6,Lymphoid
SIDM00423,SU-DHL-8,Lymphoid
SIDM00371,SUIT-2,Pancreas
SIDM01176,SUP-B15,Lymphoid
SIDM00422,SUP-HD1,Lymphoid
SIDM00421,SUP-M2,Lymphoid
SIDM01154,SUP-T1,Lymphoid
SIDM01155,SW1088,CNS
SIDM00835,SW1116,Colon
SIDM01156,SW1271,Lung
SIDM00814,SW13,Adrenal
SIDM00812,SW1417,Colon
SIDM00834,SW1463,Colon
SIDM01163,SW1573,Lung
SIDM00420,SW1710,Bladder
SIDM01164,SW1783,CNS
SIDM01165,SW1990,Pancreas
SIDM00837,SW48,Colon
SIDM00841,SW620,Colon
SIDM01168,SW626,Colon
SIDM01175,SW684,Soft_tissue
SIDM01174,SW756,Cervix
SIDM01160,SW780,Bladder
SIDM00833,SW837,Colon
SIDM01159,SW872,Soft_tissue
SIDM01158,SW900,Lung
SIDM00832,SW948,Colon
SIDM01161,SW982,Soft_tissue
SIDM00097,T47D,Breast
SIDM00782,T84,Colon
SIDM01171,T98G,CNS
SIDM00419,TC-71,Bone
SIDM01190,TCCSUP,Bladder
SIDM00234,TC-YIK,Cervix
SIDM00369,TE-1,Esophagus
SIDM00249,TE-15,Esophagus
SIDM00250,TE-4,Esophagus
SIDM00347,TE-5,Esophagus
SIDM00328,TE-6,Esophagus
SIDM00326,TE-8,Esophagus
SIDM00325,TE-9,Esophagus
SIDM00251,TGBC11TKB,Stomach
SIDM00252,TGBC1TKB,Biliary
SIDM00267,TGBC24TKB,Biliary
SIDM00324,TGW,PNS
SIDM00323,TK,Lymphoid
SIDM00113,TK10,Kidney
SIDM01170,TOV-112D,Ovary
SIDM01169,TOV-21G,Ovary
SIDM00484,TT,Thyroid
SIDM00322,T-T,Esophagus
SIDM00418,TT2609-C02,Thyroid
SIDM01205,TUR,Lymphoid
SIDM00321,TYK-nu,Ovary
SIDM01193,U-118-MG,CNS
SIDM00111,U251,CNS
SIDM00417,U-266,Lymphoid
SIDM01191,U-2-OS,Bone
SIDM00424,U-698-M,Lymphoid
SIDM01189,U-87-MG,CNS
SIDM00108,UACC-257,Skin
SIDM00107,UACC-62,Skin
SIDM01187,UACC-812,Breast
SIDM01186,UACC-893,Breast
SIDM01183,UMC-11,Lung
SIDM01182,UM-UC-3,Bladder
SIDM01179,VA-ES-BJ,Soft_tissue
SIDM00416,VAL,Lymphoid
SIDM01077,VCaP,Prostate
SIDM00414,VM-CUB-1,Bladder
SIDM00320,VMRC-LCD,Lung
SIDM00317,VMRC-RCZ,Kidney
SIDM01102,WIL2-NS,Lymphoid
SIDM01000,WM-115,Skin
SIDM00976,WM1552C,Skin
SIDM00975,WM278,Skin
SIDM00974,WM35,Skin
SIDM00973,WM793B,Skin
SIDM00413,WSU-DLCL2,Lymphoid
SIDM00412,WSU-NHL,Lymphoid
SIDM00411,YAPC,Pancreas
SIDM00316,YH-13,CNS
SIDM00410,YT,Lymphoid
SIDM00971,ZR-75-30,Breast
