input_cell_line_name,input_identifier,detected_type,status,SIDM,matched_on,source,CVCL,RRID,ACH,all_aliases
697,SIDM01076,sidm,resolved,SIDM01076,sidm,sanger,,,,697; SIDM01076
5637,SIDM00807,sidm,resolved,SIDM00807,sidm,sanger,,,,5637; SIDM00807
22RV1,SIDM00499,sidm,resolved,SIDM00499,sidm,sanger,,,,22RV1; SIDM00499
23132-87,SIDM00980,sidm,resolved,SIDM00980,sidm,sanger,,,,2313287; SIDM00980
42-MG-BA,SIDM00982,sidm,resolved,SIDM00982,sidm,sanger,,,,42MGBA; SIDM00982
639-V,SIDM00999,sidm,resolved,SIDM00999,sidm,sanger,,,,639V; SIDM00999
647-V,SIDM00983,sidm,resolved,SIDM00983,sidm,sanger,,,,647V; SIDM00983
769-P,SIDM00803,sidm,resolved,SIDM00803,sidm,sanger,,,,769P; SIDM00803
786-0,SIDM00125,sidm,resolved,SIDM00125,sidm,sanger,,,,7860; SIDM00125
8305C,SIDM00997,sidm,resolved,SIDM00997,sidm,sanger,,,,8305C; SIDM00997
8505C,SIDM00996,sidm,resolved,SIDM00996,sidm,sanger,,,,8505C; SIDM00996
8-MG-BA,SIDM00998,sidm,resolved,SIDM00998,sidm,sanger,,,,8MGBA; SIDM00998
A101D,SIDM00801,sidm,resolved,SIDM00801,sidm,sanger,,,,A101D; SIDM00801
A172,SIDM00799,sidm,resolved,SIDM00799,sidm,sanger,,,,A172; SIDM00799
A204,SIDM00798,sidm,resolved,SIDM00798,sidm,sanger,,,,A204; SIDM00798
A2058,SIDM00797,sidm,resolved,SIDM00797,sidm,sanger,,,,A2058; SIDM00797
A253,SIDM00796,sidm,resolved,SIDM00796,sidm,sanger,,,,A253; SIDM00796
A2780,SIDM00210,sidm,resolved,SIDM00210,sidm,sanger,,,,A2780; SIDM00210
A375,SIDM00795,sidm,resolved,SIDM00795,sidm,sanger,,,,A375; SIDM00795
A3-KAW,SIDM00495,sidm,resolved,SIDM00495,sidm,sanger,,,,A3KAW; SIDM00495
A498,SIDM00124,sidm,resolved,SIDM00124,sidm,sanger,,,,A498; SIDM00124
A4-Fuk,SIDM00502,sidm,resolved,SIDM00502,sidm,sanger,,,,A4FUK; SIDM00502
A549,SIDM00903,sidm,resolved,SIDM00903,sidm,sanger,,,,A549; SIDM00903
A673,SIDM00848,sidm,resolved,SIDM00848,sidm,sanger,,,,A673; SIDM00848
A704,SIDM00849,sidm,resolved,SIDM00849,sidm,sanger,,,,A704; SIDM00849
ACHN,SIDM00123,sidm,resolved,SIDM00123,sidm,sanger,,,,ACHN; SIDM00123
AGS,SIDM00850,sidm,resolved,SIDM00850,sidm,sanger,,,,AGS; SIDM00850
ALL-PO,SIDM00211,sidm,resolved,SIDM00211,sidm,sanger,,,,ALLPO; SIDM00211
ALL-SIL,SIDM00994,sidm,resolved,SIDM00994,sidm,sanger,,,,ALLSIL; SIDM00994
AM-38,SIDM00492,sidm,resolved,SIDM00492,sidm,sanger,,,,AM38; SIDM00492
AMO-1,SIDM00993,sidm,resolved,SIDM00993,sidm,sanger,,,,AMO1; SIDM00993
AN3-CA,SIDM00901,sidm,resolved,SIDM00901,sidm,sanger,,,,AN3CA; SIDM00901
ARH-77,SIDM00900,sidm,resolved,SIDM00900,sidm,sanger,,,,ARH77; SIDM00900
ASH-3,SIDM00491,sidm,resolved,SIDM00491,sidm,sanger,,,,ASH3; SIDM00491
AsPC-1,SIDM00899,sidm,resolved,SIDM00899,sidm,sanger,,,,ASPC1; SIDM00899
ATN-1,SIDM00233,sidm,resolved,SIDM00233,sidm,sanger,,,,ATN1; SIDM00233
AU565,SIDM00898,sidm,resolved,SIDM00898,sidm,sanger,,,,AU565; SIDM00898
BALL-1,SIDM00287,sidm,resolved,SIDM00287,sidm,sanger,,,,BALL1; SIDM00287
BB49-HNC,SIDM00174,sidm,resolved,SIDM00174,sidm,sanger,,,,BB49HNC; SIDM00174
BC-1,SIDM00896,sidm,resolved,SIDM00896,sidm,sanger,,,,BC1; SIDM00896
B-CPAP,SIDM00992,sidm,resolved,SIDM00992,sidm,sanger,,,,BCPAP; SIDM00992
BE-13,SIDM01245,sidm,resolved,SIDM01245,sidm,sanger,,,,BE13; SIDM01245
BE2-M17,SIDM01229,sidm,resolved,SIDM01229,sidm,sanger,,,,BE2M17; SIDM01229
Becker,SIDM00490,sidm,resolved,SIDM00490,sidm,sanger,,,,BECKER; SIDM00490
BFTC-905,SIDM00989,sidm,resolved,SIDM00989,sidm,sanger,,,,BFTC905; SIDM00989
BFTC-909,SIDM00988,sidm,resolved,SIDM00988,sidm,sanger,,,,BFTC909; SIDM00988
BHT-101,SIDM00987,sidm,resolved,SIDM00987,sidm,sanger,,,,BHT101; SIDM00987
BICR10,SIDM00077,sidm,resolved,SIDM00077,sidm,sanger,,,,BICR10; SIDM00077
BICR22,SIDM00485,sidm,resolved,SIDM00485,sidm,sanger,,,,BICR22; SIDM00485
BICR78,SIDM00501,sidm,resolved,SIDM00501,sidm,sanger,,,,BICR78; SIDM00501
BL-41,SIDM00985,sidm,resolved,SIDM00985,sidm,sanger,,,,BL41; SIDM00985
BPH-1,SIDM00964,sidm,resolved,SIDM00964,sidm,sanger,,,,BPH1; SIDM00964
BT-20,SIDM00893,sidm,resolved,SIDM00893,sidm,sanger,,,,BT20; SIDM00893
BT-474,SIDM00963,sidm,resolved,SIDM00963,sidm,sanger,,,,BT474; SIDM00963
BT-483,SIDM00892,sidm,resolved,SIDM00892,sidm,sanger,,,,BT483; SIDM00892
BT-549,SIDM00122,sidm,resolved,SIDM00122,sidm,sanger,,,,BT549; SIDM00122
BV-173,SIDM00962,sidm,resolved,SIDM00962,sidm,sanger,,,,BV173; SIDM00962
BxPC-3,SIDM00132,sidm,resolved,SIDM00132,sidm,sanger,,,,BXPC3; SIDM00132
C2BBe1,SIDM01233,sidm,resolved,SIDM01233,sidm,sanger,,,,C2BBE1; SIDM01233
C32,SIDM00890,sidm,resolved,SIDM00890,sidm,sanger,,,,C32; SIDM00890
C-33-A,SIDM00889,sidm,resolved,SIDM00889,sidm,sanger,,,,C33A; SIDM00889
C3A,SIDM01237,sidm,resolved,SIDM01237,sidm,sanger,,,,C3A; SIDM01237
C-4-I,SIDM00905,sidm,resolved,SIDM00905,sidm,sanger,,,,C4I; SIDM00905
CA46,SIDM00907,sidm,resolved,SIDM00907,sidm,sanger,,,,CA46; SIDM00907
Ca9-22,SIDM00489,sidm,resolved,SIDM00489,sidm,sanger,,,,CA922; SIDM00489
CADO-ES1,SIDM00961,sidm,resolved,SIDM00961,sidm,sanger,,,,CADOES1; SIDM00961
CAL-120,SIDM00940,sidm,resolved,SIDM00940,sidm,sanger,,,,CAL120; SIDM00940
CAL-148,SIDM00938,sidm,resolved,SIDM00938,sidm,sanger,,,,CAL148; SIDM00938
CAL-27,SIDM00937,sidm,resolved,SIDM00937,sidm,sanger,,,,CAL27; SIDM00937
CAL-29,SIDM00936,sidm,resolved,SIDM00936,sidm,sanger,,,,CAL29; SIDM00936
CAL-33,SIDM00942,sidm,resolved,SIDM00942,sidm,sanger,,,,CAL33; SIDM00942
CAL-39,SIDM00935,sidm,resolved,SIDM00935,sidm,sanger,,,,CAL39; SIDM00935
CAL-51,SIDM00933,sidm,resolved,SIDM00933,sidm,sanger,,,,CAL51; SIDM00933
CAL-54,SIDM00932,sidm,resolved,SIDM00932,sidm,sanger,,,,CAL54; SIDM00932
CAL-62,SIDM00931,sidm,resolved,SIDM00931,sidm,sanger,,,,CAL62; SIDM00931
CAL-72,SIDM00930,sidm,resolved,SIDM00930,sidm,sanger,,,,CAL72; SIDM00930
CAL-78,SIDM00929,sidm,resolved,SIDM00929,sidm,sanger,,,,CAL78; SIDM00929
CAL-85-1,SIDM00928,sidm,resolved,SIDM00928,sidm,sanger,,,,CAL851; SIDM00928
Calu-3,SIDM00922,sidm,resolved,SIDM00922,sidm,sanger,,,,CALU3; SIDM00922
Calu-6,SIDM00921,sidm,resolved,SIDM00921,sidm,sanger,,,,CALU6; SIDM00921
CAMA-1,SIDM00920,sidm,resolved,SIDM00920,sidm,sanger,,,,CAMA1; SIDM00920
Caov-4,SIDM00918,sidm,resolved,SIDM00918,sidm,sanger,,,,CAOV4; SIDM00918
CAPAN-1,SIDM00934,sidm,resolved,SIDM00934,sidm,sanger,,,,CAPAN1; SIDM00934
CAPAN-2,SIDM00943,sidm,resolved,SIDM00943,sidm,sanger,,,,CAPAN2; SIDM00943
CaR-1,SIDM00488,sidm,resolved,SIDM00488,sidm,sanger,,,,CAR1; SIDM00488
CAS-1,SIDM00212,sidm,resolved,SIDM00212,sidm,sanger,,,,CAS1; SIDM00212
Ca-Ski,SIDM00923,sidm,resolved,SIDM00923,sidm,sanger,,,,CASKI; SIDM00923
CCK-81,SIDM00487,sidm,resolved,SIDM00487,sidm,sanger,,,,CCK81; SIDM00487
CCRF-CEM,SIDM00121,sidm,resolved,SIDM00121,sidm,sanger,,,,CCRFCEM; SIDM00121
CESS,SIDM00917,sidm,resolved,SIDM00917,sidm,sanger,,,,CESS; SIDM00917
CFPAC-1,SIDM00130,sidm,resolved,SIDM00130,sidm,sanger,,,,CFPAC1; SIDM00130
CGTH-W-1,SIDM01248,sidm,resolved,SIDM01248,sidm,sanger,,,,CGTHW1; SIDM01248
CHL-1,SIDM01228,sidm,resolved,SIDM01228,sidm,sanger,,,,CHL1; SIDM01228
CHP-134,SIDM00285,sidm,resolved,SIDM00285,sidm,sanger,,,,CHP134; SIDM00285
CHP-212,SIDM00910,sidm,resolved,SIDM00910,sidm,sanger,,,,CHP212; SIDM00910
CHSA8926,SIDM00176,sidm,resolved,SIDM00176,sidm,sanger,,,,CHSA8926; SIDM00176
CL-11,SIDM00944,sidm,resolved,SIDM00944,sidm,sanger,,,,CL11; SIDM00944
CL-40,SIDM00960,sidm,resolved,SIDM00960,sidm,sanger,,,,CL40; SIDM00960
CML-T1,SIDM00958,sidm,resolved,SIDM00958,sidm,sanger,,,,CMLT1; SIDM00958
COLO-205,SIDM00826,sidm,resolved,SIDM00826,sidm,sanger,,,,COLO205; SIDM00826
COLO-320-HSR,SIDM00842,sidm,resolved,SIDM00842,sidm,sanger,,,,COLO320HSR; SIDM00842
COLO-668,SIDM00143,sidm,resolved,SIDM00143,sidm,sanger,,,,COLO668; SIDM00143
COLO-678,SIDM00957,sidm,resolved,SIDM00957,sidm,sanger,,,,COLO678; SIDM00957
COLO-679,SIDM00284,sidm,resolved,SIDM00284,sidm,sanger,,,,COLO679; SIDM00284
COLO-680N,SIDM00956,sidm,resolved,SIDM00956,sidm,sanger,,,,COLO680N; SIDM00956
COLO-684,SIDM00142,sidm,resolved,SIDM00142,sidm,sanger,,,,COLO684; SIDM00142
COLO-792,SIDM00140,sidm,resolved,SIDM00140,sidm,sanger,,,,COLO792; SIDM00140
COLO-824,SIDM00954,sidm,resolved,SIDM00954,sidm,sanger,,,,COLO824; SIDM00954
COLO-829,SIDM00909,sidm,resolved,SIDM00909,sidm,sanger,,,,COLO829; SIDM00909
COR-L105,SIDM00513,sidm,resolved,SIDM00513,sidm,sanger,,,,CORL105; SIDM00513
COR-L23,SIDM00512,sidm,resolved,SIDM00512,sidm,sanger,,,,CORL23; SIDM00512
COR-L279,SIDM00511,sidm,resolved,SIDM00511,sidm,sanger,,,,CORL279; SIDM00511
COR-L311,SIDM00509,sidm,resolved,SIDM00509,sidm,sanger,,,,CORL311; SIDM00509
COR-L32,SIDM00508,sidm,resolved,SIDM00508,sidm,sanger,,,,CORL32; SIDM00508
COR-L88,SIDM00506,sidm,resolved,SIDM00506,sidm,sanger,,,,CORL88; SIDM00506
COR-L95,SIDM00521,sidm,resolved,SIDM00521,sidm,sanger,,,,CORL95; SIDM00521
CPC-N,SIDM00953,sidm,resolved,SIDM00953,sidm,sanger,,,,CPCN; SIDM00953
CS1,SIDM00199,sidm,resolved,SIDM00199,sidm,sanger,,,,CS1; SIDM00199
CTV-1,SIDM00951,sidm,resolved,SIDM00951,sidm,sanger,,,,CTV1; SIDM00951
CW-2,SIDM00282,sidm,resolved,SIDM00282,sidm,sanger,,,,CW2; SIDM00282
D-263MG,SIDM00732,sidm,resolved,SIDM00732,sidm,sanger,,,,D263MG; SIDM00732
D-283MED,SIDM00888,sidm,resolved,SIDM00888,sidm,sanger,,,,D283MED; SIDM00888
D-392MG,SIDM00542,sidm,resolved,SIDM00542,sidm,sanger,,,,D392MG; SIDM00542
DAN-G,SIDM00950,sidm,resolved,SIDM00950,sidm,sanger,,,,DANG; SIDM00950
Daoy,SIDM00887,sidm,resolved,SIDM00887,sidm,sanger,,,,DAOY; SIDM00887
Daudi,SIDM00845,sidm,resolved,SIDM00845,sidm,sanger,,,,DAUDI; SIDM00845
DB,SIDM00886,sidm,resolved,SIDM00886,sidm,sanger,,,,DB; SIDM00886
DBTRG-05MG,SIDM00867,sidm,resolved,SIDM00867,sidm,sanger,,,,DBTRG05MG; SIDM00867
DEL,SIDM00949,sidm,resolved,SIDM00949,sidm,sanger,,,,DEL; SIDM00949
Detroit562,SIDM00831,sidm,resolved,SIDM00831,sidm,sanger,,,,DETROIT562; SIDM00831
DG-75,SIDM00948,sidm,resolved,SIDM00948,sidm,sanger,,,,DG75; SIDM00948
DiFi,SIDM00049,sidm,resolved,SIDM00049,sidm,sanger,,,,DIFI; SIDM00049
DK-MG,SIDM00947,sidm,resolved,SIDM00947,sidm,sanger,,,,DKMG; SIDM00947
DMS-114,SIDM00865,sidm,resolved,SIDM00865,sidm,sanger,,,,DMS114; SIDM00865
DMS-273,SIDM00522,sidm,resolved,SIDM00522,sidm,sanger,,,,DMS273; SIDM00522
DMS-53,SIDM00523,sidm,resolved,SIDM00523,sidm,sanger,,,,DMS53; SIDM00523
DND-41,SIDM00946,sidm,resolved,SIDM00946,sidm,sanger,,,,DND41; SIDM00946
DOK,SIDM00540,sidm,resolved,SIDM00540,sidm,sanger,,,,DOK; SIDM00540
DoTc2-4510,SIDM00864,sidm,resolved,SIDM00864,sidm,sanger,,,,DOTC24510; SIDM00864
DOV13,SIDM00969,sidm,resolved,SIDM00969,sidm,sanger,,,,DOV13; SIDM00969
DSH1,SIDM00970,sidm,resolved,SIDM00970,sidm,sanger,,,,DSH1; SIDM00970
DU-145,SIDM00120,sidm,resolved,SIDM00120,sidm,sanger,,,,DU145; SIDM00120
DU-4475,SIDM01001,sidm,resolved,SIDM01001,sidm,sanger,,,,DU4475; SIDM01001
EB2,SIDM00863,sidm,resolved,SIDM00863,sidm,sanger,,,,EB2; SIDM00863
EB-3,SIDM00793,sidm,resolved,SIDM00793,sidm,sanger,,,,EB3; SIDM00793
EBC-1,SIDM00486,sidm,resolved,SIDM00486,sidm,sanger,,,,EBC1; SIDM00486
ECC10,SIDM00280,sidm,resolved,SIDM00280,sidm,sanger,,,,ECC10; SIDM00280
EC-GI-10,SIDM00278,sidm,resolved,SIDM00278,sidm,sanger,,,,ECGI10; SIDM00278
EFM-19,SIDM01056,sidm,resolved,SIDM01056,sidm,sanger,,,,EFM19; SIDM01056
EFM-192A,SIDM01002,sidm,resolved,SIDM01002,sidm,sanger,,,,EFM192A; SIDM01002
EFO-21,SIDM01052,sidm,resolved,SIDM01052,sidm,sanger,,,,EFO21; SIDM01052
EGI-1,SIDM01050,sidm,resolved,SIDM01050,sidm,sanger,,,,EGI1; SIDM01050
EJM,SIDM01048,sidm,resolved,SIDM01048,sidm,sanger,,,,EJM; SIDM01048
EM-2,SIDM01047,sidm,resolved,SIDM01047,sidm,sanger,,,,EM2; SIDM01047
EMC-BAC-2,SIDM00047,sidm,resolved,SIDM00047,sidm,sanger,,,,EMCBAC2; SIDM00047
EN,SIDM01045,sidm,resolved,SIDM01045,sidm,sanger,,,,EN; SIDM01045
EoL-1-cell,SIDM00277,sidm,resolved,SIDM00277,sidm,sanger,,,,EOL1CELL; SIDM00277
EPLC-272H,SIDM01044,sidm,resolved,SIDM01044,sidm,sanger,,,,EPLC272H; SIDM01044
ES1,SIDM00266,sidm,resolved,SIDM00266,sidm,sanger,,,,ES1; SIDM00266
ES-2,SIDM00861,sidm,resolved,SIDM00861,sidm,sanger,,,,ES2; SIDM00861
ES4,SIDM00264,sidm,resolved,SIDM00264,sidm,sanger,,,,ES4; SIDM00264
ES6,SIDM00262,sidm,resolved,SIDM00262,sidm,sanger,,,,ES6; SIDM00262
ES7,SIDM00269,sidm,resolved,SIDM00269,sidm,sanger,,,,ES7; SIDM00269
ES8,SIDM00261,sidm,resolved,SIDM00261,sidm,sanger,,,,ES8; SIDM00261
ESO26,SIDM00539,sidm,resolved,SIDM00539,sidm,sanger,,,,ESO26; SIDM00539
ESO51,SIDM00538,sidm,resolved,SIDM00538,sidm,sanger,,,,ESO51; SIDM00538
ESS-1,SIDM01043,sidm,resolved,SIDM01043,sidm,sanger,,,,ESS1; SIDM01043
ETK-1,SIDM00276,sidm,resolved,SIDM00276,sidm,sanger,,,,ETK1; SIDM00276
EVSA-T,SIDM01042,sidm,resolved,SIDM01042,sidm,sanger,,,,EVSAT; SIDM01042
EW-1,SIDM00205,sidm,resolved,SIDM00205,sidm,sanger,,,,EW1; SIDM00205
EW-11,SIDM00203,sidm,resolved,SIDM00203,sidm,sanger,,,,EW11; SIDM00203
EW-13,SIDM00621,sidm,resolved,SIDM00621,sidm,sanger,,,,EW13; SIDM00621
EW-16,SIDM00198,sidm,resolved,SIDM00198,sidm,sanger,,,,EW16; SIDM00198
EW-18,SIDM00197,sidm,resolved,SIDM00197,sidm,sanger,,,,EW18; SIDM00197
EW-22,SIDM00196,sidm,resolved,SIDM00196,sidm,sanger,,,,EW22; SIDM00196
EW-24,SIDM00195,sidm,resolved,SIDM00195,sidm,sanger,,,,EW24; SIDM00195
EW-3,SIDM00202,sidm,resolved,SIDM00202,sidm,sanger,,,,EW3; SIDM00202
EW-7,SIDM00201,sidm,resolved,SIDM00201,sidm,sanger,,,,EW7; SIDM00201
FADU,SIDM00860,sidm,resolved,SIDM00860,sidm,sanger,,,,FADU; SIDM00860
FLO-1,SIDM01041,sidm,resolved,SIDM01041,sidm,sanger,,,,FLO1; SIDM01041
FTC-133,SIDM00213,sidm,resolved,SIDM00213,sidm,sanger,,,,FTC133; SIDM00213
FU97,SIDM00503,sidm,resolved,SIDM00503,sidm,sanger,,,,FU97; SIDM00503
FU-OV-1,SIDM01040,sidm,resolved,SIDM01040,sidm,sanger,,,,FUOV1; SIDM01040
G-292-Clone-A141B1,SIDM00858,sidm,resolved,SIDM00858,sidm,sanger,,,,G292CLONEA141B1; SIDM00858
G-361,SIDM00857,sidm,resolved,SIDM00857,sidm,sanger,,,,G361; SIDM00857
G-401,SIDM00856,sidm,resolved,SIDM00856,sidm,sanger,,,,G401; SIDM00856
G-402,SIDM00855,sidm,resolved,SIDM00855,sidm,sanger,,,,G402; SIDM00855
GA-10,SIDM00854,sidm,resolved,SIDM00854,sidm,sanger,,,,GA10; SIDM00854
GAK,SIDM00543,sidm,resolved,SIDM00543,sidm,sanger,,,,GAK; SIDM00543
GAMG,SIDM01055,sidm,resolved,SIDM01055,sidm,sanger,,,,GAMG; SIDM01055
GB-1,SIDM00581,sidm,resolved,SIDM00581,sidm,sanger,,,,GB1; SIDM00581
GCIY,SIDM00274,sidm,resolved,SIDM00274,sidm,sanger,,,,GCIY; SIDM00274
GCT,SIDM00853,sidm,resolved,SIDM00853,sidm,sanger,,,,GCT; SIDM00853
GDM-1,SIDM01057,sidm,resolved,SIDM01057,sidm,sanger,,,,GDM1; SIDM01057
GI-1,SIDM00273,sidm,resolved,SIDM00273,sidm,sanger,,,,GI1; SIDM00273
GI-ME-N,SIDM00227,sidm,resolved,SIDM00227,sidm,sanger,,,,GIMEN; SIDM00227
GOTO,SIDM00544,sidm,resolved,SIDM00544,sidm,sanger,,,,GOTO; SIDM00544
GP5d,SIDM00537,sidm,resolved,SIDM00537,sidm,sanger,,,,GP5D; SIDM00537
GRANTA-519,SIDM01058,sidm,resolved,SIDM01058,sidm,sanger,,,,GRANTA519; SIDM01058
GR-ST,SIDM01259,sidm,resolved,SIDM01259,sidm,sanger,,,,GRST; SIDM01259
H4,SIDM00852,sidm,resolved,SIDM00852,sidm,sanger,,,,H4; SIDM00852
H9,SIDM01251,sidm,resolved,SIDM01251,sidm,sanger,,,,H9; SIDM01251
HAL-01,SIDM00289,sidm,resolved,SIDM00289,sidm,sanger,,,,HAL01; SIDM00289
HARA,SIDM00598,sidm,resolved,SIDM00598,sidm,sanger,,,,HARA; SIDM00598
HC-1,SIDM01073,sidm,resolved,SIDM01073,sidm,sanger,,,,HC1; SIDM01073
HCC1143,SIDM00866,sidm,resolved,SIDM00866,sidm,sanger,,,,HCC1143; SIDM00866
HCC1187,SIDM00885,sidm,resolved,SIDM00885,sidm,sanger,,,,HCC1187; SIDM00885
HCC1395,SIDM00884,sidm,resolved,SIDM00884,sidm,sanger,,,,HCC1395; SIDM00884
HCC1419,SIDM00882,sidm,resolved,SIDM00882,sidm,sanger,,,,HCC1419; SIDM00882
HCC1428,SIDM00881,sidm,resolved,SIDM00881,sidm,sanger,,,,HCC1428; SIDM00881
HCC-15,SIDM01072,sidm,resolved,SIDM01072,sidm,sanger,,,,HCC15; SIDM01072
HCC1500,SIDM00879,sidm,resolved,SIDM00879,sidm,sanger,,,,HCC1500; SIDM00879
HCC1599,SIDM00877,sidm,resolved,SIDM00877,sidm,sanger,,,,HCC1599; SIDM00877
HCC1806,SIDM00875,sidm,resolved,SIDM00875,sidm,sanger,,,,HCC1806; SIDM00875
HCC1937,SIDM00874,sidm,resolved,SIDM00874,sidm,sanger,,,,HCC1937; SIDM00874
HCC1954,SIDM00872,sidm,resolved,SIDM00872,sidm,sanger,,,,HCC1954; SIDM00872
HCC2157,SIDM00774,sidm,resolved,SIDM00774,sidm,sanger,,,,HCC2157; SIDM00774
HCC2998,SIDM00118,sidm,resolved,SIDM00118,sidm,sanger,,,,HCC2998; SIDM00118
HCC38,SIDM00675,sidm,resolved,SIDM00675,sidm,sanger,,,,HCC38; SIDM00675
HCC-44,SIDM01069,sidm,resolved,SIDM01069,sidm,sanger,,,,HCC44; SIDM01069
HCC70,SIDM00673,sidm,resolved,SIDM00673,sidm,sanger,,,,HCC70; SIDM00673
HCC-78,SIDM01068,sidm,resolved,SIDM01068,sidm,sanger,,,,HCC78; SIDM01068
HCC-827,SIDM01067,sidm,resolved,SIDM01067,sidm,sanger,,,,HCC827; SIDM01067
HCT-116,SIDM00783,sidm,resolved,SIDM00783,sidm,sanger,,,,HCT116; SIDM00783
HCT-15,SIDM00789,sidm,resolved,SIDM00789,sidm,sanger,,,,HCT15; SIDM00789
HDLM-2,SIDM01064,sidm,resolved,SIDM01064,sidm,sanger,,,,HDLM2; SIDM01064
HD-MY-Z,SIDM01063,sidm,resolved,SIDM01063,sidm,sanger,,,,HDMYZ; SIDM01063
HDQ-P1,SIDM01062,sidm,resolved,SIDM01062,sidm,sanger,,,,HDQP1; SIDM01062
HEC-1,SIDM00596,sidm,resolved,SIDM00596,sidm,sanger,,,,HEC1; SIDM00596
HeLa,SIDM00846,sidm,resolved,SIDM00846,sidm,sanger,,,,HELA; SIDM00846
H-EMC-SS,SIDM00535,sidm,resolved,SIDM00535,sidm,sanger,,,,HEMCSS; SIDM00535
Hey,SIDM00968,sidm,resolved,SIDM00968,sidm,sanger,,,,HEY; SIDM00968
HGC-27,SIDM00290,sidm,resolved,SIDM00290,sidm,sanger,,,,HGC27; SIDM00290
HH,SIDM00671,sidm,resolved,SIDM00671,sidm,sanger,,,,HH; SIDM00671
HL-60,SIDM00829,sidm,resolved,SIDM00829,sidm,sanger,,,,HL60; SIDM00829
HLE,SIDM00064,sidm,resolved,SIDM00064,sidm,sanger,,,,HLE; SIDM00064
HMV-II,SIDM00291,sidm,resolved,SIDM00291,sidm,sanger,,,,HMVII; SIDM00291
HO-1-N-1,SIDM00592,sidm,resolved,SIDM00592,sidm,sanger,,,,HO1N1; SIDM00592
HO-1-u-1,SIDM00591,sidm,resolved,SIDM00591,sidm,sanger,,,,HO1U1; SIDM00591
HOP-62,SIDM00133,sidm,resolved,SIDM00133,sidm,sanger,,,,HOP62; SIDM00133
HOP-92,SIDM00134,sidm,resolved,SIDM00134,sidm,sanger,,,,HOP92; SIDM00134
HOS,SIDM00806,sidm,resolved,SIDM00806,sidm,sanger,,,,HOS; SIDM00806
HPAC,SIDM00670,sidm,resolved,SIDM00670,sidm,sanger,,,,HPAC; SIDM00670
HPAF-II,SIDM00669,sidm,resolved,SIDM00669,sidm,sanger,,,,HPAFII; SIDM00669
Hs-445,SIDM00668,sidm,resolved,SIDM00668,sidm,sanger,,,,HS445; SIDM00668
Hs-578-T,SIDM00135,sidm,resolved,SIDM00135,sidm,sanger,,,,HS578T; SIDM00135
Hs-633T,SIDM00667,sidm,resolved,SIDM00667,sidm,sanger,,,,HS633T; SIDM00667
Hs-746T,SIDM00665,sidm,resolved,SIDM00665,sidm,sanger,,,,HS746T; SIDM00665
Hs-766T,SIDM00664,sidm,resolved,SIDM00664,sidm,sanger,,,,HS766T; SIDM00664
HSC-2,SIDM00590,sidm,resolved,SIDM00590,sidm,sanger,,,,HSC2; SIDM00590
HSC-3,SIDM00589,sidm,resolved,SIDM00589,sidm,sanger,,,,HSC3; SIDM00589
HSC-39,SIDM00045,sidm,resolved,SIDM00045,sidm,sanger,,,,HSC39; SIDM00045
HSC-4,SIDM00588,sidm,resolved,SIDM00588,sidm,sanger,,,,HSC4; SIDM00588
HT-1080,SIDM00828,sidm,resolved,SIDM00828,sidm,sanger,,,,HT1080; SIDM00828
HT-1197,SIDM00676,sidm,resolved,SIDM00676,sidm,sanger,,,,HT1197; SIDM00676
HT-1376,SIDM00678,sidm,resolved,SIDM00678,sidm,sanger,,,,HT1376; SIDM00678
HT-144,SIDM00695,sidm,resolved,SIDM00695,sidm,sanger,,,,HT144; SIDM00695
HT-29,SIDM00136,sidm,resolved,SIDM00136,sidm,sanger,,,,HT29; SIDM00136
HT-3,SIDM00679,sidm,resolved,SIDM00679,sidm,sanger,,,,HT3; SIDM00679
HT55,SIDM00541,sidm,resolved,SIDM00541,sidm,sanger,,,,HT55; SIDM00541
HTC-C3,SIDM00496,sidm,resolved,SIDM00496,sidm,sanger,,,,HTCC3; SIDM00496
HuCCT1,SIDM00587,sidm,resolved,SIDM00587,sidm,sanger,,,,HUCCT1; SIDM00587
huH-1,SIDM00586,sidm,resolved,SIDM00586,sidm,sanger,,,,HUH1; SIDM00586
HuH-7,SIDM00585,sidm,resolved,SIDM00585,sidm,sanger,,,,HUH7; SIDM00585
HuO-3N1,SIDM00584,sidm,resolved,SIDM00584,sidm,sanger,,,,HUO3N1; SIDM00584
HuO9,SIDM00599,sidm,resolved,SIDM00599,sidm,sanger,,,,HUO9; SIDM00599
HuP-T3,SIDM00533,sidm,resolved,SIDM00533,sidm,sanger,,,,HUPT3; SIDM00533
HuP-T4,SIDM00531,sidm,resolved,SIDM00531,sidm,sanger,,,,HUPT4; SIDM00531
IA-LM,SIDM00306,sidm,resolved,SIDM00306,sidm,sanger,,,,IALM; SIDM00306
IGR-1,SIDM01060,sidm,resolved,SIDM01060,sidm,sanger,,,,IGR1; SIDM01060
IGR-37,SIDM01066,sidm,resolved,SIDM01066,sidm,sanger,,,,IGR37; SIDM01066
IGROV-1,SIDM00151,sidm,resolved,SIDM00151,sidm,sanger,,,,IGROV1; SIDM00151
IHH-4,SIDM00600,sidm,resolved,SIDM00600,sidm,sanger,,,,IHH4; SIDM00600
IM-9,SIDM00632,sidm,resolved,SIDM00632,sidm,sanger,,,,IM9; SIDM00632
IM-95,SIDM00602,sidm,resolved,SIDM00602,sidm,sanger,,,,IM95; SIDM00602
IMR-5,SIDM01206,sidm,resolved,SIDM01206,sidm,sanger,,,,IMR5; SIDM01206
IST-MEL1,SIDM00225,sidm,resolved,SIDM00225,sidm,sanger,,,,ISTMEL1; SIDM00225
IST-MES1,SIDM00224,sidm,resolved,SIDM00224,sidm,sanger,,,,ISTMES1; SIDM00224
IST-SL2,SIDM00230,sidm,resolved,SIDM00230,sidm,sanger,,,,ISTSL2; SIDM00230
J82,SIDM00693,sidm,resolved,SIDM00693,sidm,sanger,,,,J82; SIDM00693
JHH-1,SIDM00618,sidm,resolved,SIDM00618,sidm,sanger,,,,JHH1; SIDM00618
JHH-2,SIDM00617,sidm,resolved,SIDM00617,sidm,sanger,,,,JHH2; SIDM00617
JHH-4,SIDM00616,sidm,resolved,SIDM00616,sidm,sanger,,,,JHH4; SIDM00616
JHH-6,SIDM00615,sidm,resolved,SIDM00615,sidm,sanger,,,,JHH6; SIDM00615
JHH-7,SIDM00614,sidm,resolved,SIDM00614,sidm,sanger,,,,JHH7; SIDM00614
JHU-022,SIDM00127,sidm,resolved,SIDM00127,sidm,sanger,,,,JHU022; SIDM00127
JIMT-1,SIDM01037,sidm,resolved,SIDM01037,sidm,sanger,,,,JIMT1; SIDM01037
JiyoyeP-2003,SIDM00808,sidm,resolved,SIDM00808,sidm,sanger,,,,JIYOYEP2003; SIDM00808
JJN-3,SIDM01036,sidm,resolved,SIDM01036,sidm,sanger,,,,JJN3; SIDM01036
JSC-1,SIDM00688,sidm,resolved,SIDM00688,sidm,sanger,,,,JSC1; SIDM00688
JURL-MK1,SIDM01015,sidm,resolved,SIDM01015,sidm,sanger,,,,JURLMK1; SIDM01015
JVM-2,SIDM01013,sidm,resolved,SIDM01013,sidm,sanger,,,,JVM2; SIDM01013
JVM-3,SIDM01012,sidm,resolved,SIDM01012,sidm,sanger,,,,JVM3; SIDM01012
K5,SIDM00056,sidm,resolved,SIDM00056,sidm,sanger,,,,K5; SIDM00056
K-562,SIDM00791,sidm,resolved,SIDM00791,sidm,sanger,,,,K562; SIDM00791
KALS-1,SIDM00613,sidm,resolved,SIDM00613,sidm,sanger,,,,KALS1; SIDM00613
KARPAS-1106P,SIDM01011,sidm,resolved,SIDM01011,sidm,sanger,,,,KARPAS1106P; SIDM01011
KARPAS-231,SIDM01017,sidm,resolved,SIDM01017,sidm,sanger,,,,KARPAS231; SIDM01017
KARPAS-299,SIDM01010,sidm,resolved,SIDM01010,sidm,sanger,,,,KARPAS299; SIDM01010
KARPAS-422,SIDM01008,sidm,resolved,SIDM01008,sidm,sanger,,,,KARPAS422; SIDM01008
KARPAS-45,SIDM01007,sidm,resolved,SIDM01007,sidm,sanger,,,,KARPAS45; SIDM01007
KARPAS-620,SIDM01006,sidm,resolved,SIDM01006,sidm,sanger,,,,KARPAS620; SIDM01006
KATOIII,SIDM00687,sidm,resolved,SIDM00687,sidm,sanger,,,,KATOIII; SIDM00687
KCL-22,SIDM01004,sidm,resolved,SIDM01004,sidm,sanger,,,,KCL22; SIDM01004
KE-37,SIDM01003,sidm,resolved,SIDM01003,sidm,sanger,,,,KE37; SIDM01003
KELLY,SIDM01009,sidm,resolved,SIDM01009,sidm,sanger,,,,KELLY; SIDM01009
KG-1,SIDM00785,sidm,resolved,SIDM00785,sidm,sanger,,,,KG1; SIDM00785
KGN,SIDM00302,sidm,resolved,SIDM00302,sidm,sanger,,,,KGN; SIDM00302
KINGS-1,SIDM00612,sidm,resolved,SIDM00612,sidm,sanger,,,,KINGS1; SIDM00612
KLE,SIDM00686,sidm,resolved,SIDM00686,sidm,sanger,,,,KLE; SIDM00686
KM12,SIDM00150,sidm,resolved,SIDM00150,sidm,sanger,,,,KM12; SIDM00150
KM-H2,SIDM01018,sidm,resolved,SIDM01018,sidm,sanger,,,,KMH2; SIDM01018
KMOE-2,SIDM01019,sidm,resolved,SIDM01019,sidm,sanger,,,,KMOE2; SIDM01019
KMRC-1,SIDM00611,sidm,resolved,SIDM00611,sidm,sanger,,,,KMRC1; SIDM00611
KMRC-20,SIDM00609,sidm,resolved,SIDM00609,sidm,sanger,,,,KMRC20; SIDM00609
KMS-12-BM,SIDM01020,sidm,resolved,SIDM01020,sidm,sanger,,,,KMS12BM; SIDM01020
KNS-62,SIDM00606,sidm,resolved,SIDM00606,sidm,sanger,,,,KNS62; SIDM00606
KOPN-8,SIDM01034,sidm,resolved,SIDM01034,sidm,sanger,,,,KOPN8; SIDM01034
KP-1N,SIDM00583,sidm,resolved,SIDM00583,sidm,sanger,,,,KP1N; SIDM00583
KP-2,SIDM00582,sidm,resolved,SIDM00582,sidm,sanger,,,,KP2; SIDM00582
KP-3,SIDM00571,sidm,resolved,SIDM00571,sidm,sanger,,,,KP3; SIDM00571
KP-4,SIDM00301,sidm,resolved,SIDM00301,sidm,sanger,,,,KP4; SIDM00301
KP-N-YN,SIDM00556,sidm,resolved,SIDM00556,sidm,sanger,,,,KPNYN; SIDM00556
KS-1,SIDM00555,sidm,resolved,SIDM00555,sidm,sanger,,,,KS1; SIDM00555
KU-19-19,SIDM01033,sidm,resolved,SIDM01033,sidm,sanger,,,,KU1919; SIDM01033
KU812,SIDM00308,sidm,resolved,SIDM00308,sidm,sanger,,,,KU812; SIDM00308
KURAMOCHI,SIDM00554,sidm,resolved,SIDM00554,sidm,sanger,,,,KURAMOCHI; SIDM00554
KY821,SIDM00553,sidm,resolved,SIDM00553,sidm,sanger,,,,KY821; SIDM00553
KYAE-1,SIDM00530,sidm,resolved,SIDM00530,sidm,sanger,,,,KYAE1; SIDM00530
KYM-1,SIDM00552,sidm,resolved,SIDM00552,sidm,sanger,,,,KYM1; SIDM00552
KYSE-140,SIDM01032,sidm,resolved,SIDM01032,sidm,sanger,,,,KYSE140; SIDM01032
KYSE-150,SIDM01031,sidm,resolved,SIDM01031,sidm,sanger,,,,KYSE150; SIDM01031
KYSE-180,SIDM01030,sidm,resolved,SIDM01030,sidm,sanger,,,,KYSE180; SIDM01030
KYSE-220,SIDM00551,sidm,resolved,SIDM00551,sidm,sanger,,,,KYSE220; SIDM00551
KYSE-270,SIDM01029,sidm,resolved,SIDM01029,sidm,sanger,,,,KYSE270; SIDM01029
KYSE-410,SIDM01028,sidm,resolved,SIDM01028,sidm,sanger,,,,KYSE410; SIDM01028
KYSE-450,SIDM01027,sidm,resolved,SIDM01027,sidm,sanger,,,,KYSE450; SIDM01027
KYSE-50,SIDM00550,sidm,resolved,SIDM00550,sidm,sanger,,,,KYSE50; SIDM00550
KYSE-520,SIDM01025,sidm,resolved,SIDM01025,sidm,sanger,,,,KYSE520; SIDM01025
KYSE-70,SIDM01024,sidm,resolved,SIDM01024,sidm,sanger,,,,KYSE70; SIDM01024
L-1236,SIDM00313,sidm,resolved,SIDM00313,sidm,sanger,,,,L1236; SIDM00313
L-363,SIDM00312,sidm,resolved,SIDM00312,sidm,sanger,,,,L363; SIDM00312
L-428,SIDM00327,sidm,resolved,SIDM00327,sidm,sanger,,,,L428; SIDM00327
L-540,SIDM00329,sidm,resolved,SIDM00329,sidm,sanger,,,,L540; SIDM00329
LAMA-84,SIDM00346,sidm,resolved,SIDM00346,sidm,sanger,,,,LAMA84; SIDM00346
LB771-HNC,SIDM00182,sidm,resolved,SIDM00182,sidm,sanger,,,,LB771HNC; SIDM00182
LB831-BLC,SIDM00181,sidm,resolved,SIDM00181,sidm,sanger,,,,LB831BLC; SIDM00181
LB996-RCC,SIDM00180,sidm,resolved,SIDM00180,sidm,sanger,,,,LB996RCC; SIDM00180
LC-1-sq,SIDM00300,sidm,resolved,SIDM00300,sidm,sanger,,,,LC1SQ; SIDM00300
LC4-1,SIDM00549,sidm,resolved,SIDM00549,sidm,sanger,,,,LC41; SIDM00549
LCLC-103H,SIDM00345,sidm,resolved,SIDM00345,sidm,sanger,,,,LCLC103H; SIDM00345
LCLC-97TM1,SIDM00344,sidm,resolved,SIDM00344,sidm,sanger,,,,LCLC97TM1; SIDM00344
LK-2,SIDM00548,sidm,resolved,SIDM00548,sidm,sanger,,,,LK2; SIDM00548
LN-18,SIDM00685,sidm,resolved,SIDM00685,sidm,sanger,,,,LN18; SIDM00685
LN-229,SIDM00684,sidm,resolved,SIDM00684,sidm,sanger,,,,LN229; SIDM00684
LN-405,SIDM00343,sidm,resolved,SIDM00343,sidm,sanger,,,,LN405; SIDM00343
LNCaP-Clone-FGC,SIDM00683,sidm,resolved,SIDM00683,sidm,sanger,,,,LNCAPCLONEFGC; SIDM00683
LNZTA3WT4,SIDM01220,sidm,resolved,SIDM01220,sidm,sanger,,,,LNZTA3WT4; SIDM01220
LOUCY,SIDM00342,sidm,resolved,SIDM00342,sidm,sanger,,,,LOUCY; SIDM00342
LOU-NH91,SIDM00341,sidm,resolved,SIDM00341,sidm,sanger,,,,LOUNH91; SIDM00341
LoVo,SIDM00839,sidm,resolved,SIDM00839,sidm,sanger,,,,LOVO; SIDM00839
LOXIMVI,SIDM00149,sidm,resolved,SIDM00149,sidm,sanger,,,,LOXIMVI; SIDM00149
LS-123,SIDM00776,sidm,resolved,SIDM00776,sidm,sanger,,,,LS123; SIDM00776
LS-180,SIDM00680,sidm,resolved,SIDM00680,sidm,sanger,,,,LS180; SIDM00680
LS-411N,SIDM00660,sidm,resolved,SIDM00660,sidm,sanger,,,,LS411N; SIDM00660
LS-513,SIDM00677,sidm,resolved,SIDM00677,sidm,sanger,,,,LS513; SIDM00677
LU-135,SIDM00294,sidm,resolved,SIDM00294,sidm,sanger,,,,LU135; SIDM00294
LU-139,SIDM00293,sidm,resolved,SIDM00293,sidm,sanger,,,,LU139; SIDM00293
LU-165,SIDM00292,sidm,resolved,SIDM00292,sidm,sanger,,,,LU165; SIDM00292
LU-65,SIDM00547,sidm,resolved,SIDM00547,sidm,sanger,,,,LU65; SIDM00547
LU-99A,SIDM01219,sidm,resolved,SIDM01219,sidm,sanger,,,,LU99A; SIDM01219
LXF-289,SIDM00339,sidm,resolved,SIDM00339,sidm,sanger,,,,LXF289; SIDM00339
M059J,SIDM00659,sidm,resolved,SIDM00659,sidm,sanger,,,,M059J; SIDM00659
M14,SIDM00003,sidm,resolved,SIDM00003,sidm,sanger,,,,M14; SIDM00003
MC-CAR,SIDM00636,sidm,resolved,SIDM00636,sidm,sanger,,,,MCCAR; SIDM00636
MCF7,SIDM00148,sidm,resolved,SIDM00148,sidm,sanger,,,,MCF7; SIDM00148
MDA-MB-157,SIDM00529,sidm,resolved,SIDM00529,sidm,sanger,,,,MDAMB157; SIDM00529
MDA-MB-175-VII,SIDM00633,sidm,resolved,SIDM00633,sidm,sanger,,,,MDAMB175VII; SIDM00633
MDA-MB-231,SIDM00146,sidm,resolved,SIDM00146,sidm,sanger,,,,MDAMB231; SIDM00146
MDA-MB-361,SIDM00528,sidm,resolved,SIDM00528,sidm,sanger,,,,MDAMB361; SIDM00528
MDA-MB-415,SIDM00630,sidm,resolved,SIDM00630,sidm,sanger,,,,MDAMB415; SIDM00630
MDA-MB-436,SIDM00629,sidm,resolved,SIDM00629,sidm,sanger,,,,MDAMB436; SIDM00629
MDA-MB-453,SIDM00272,sidm,resolved,SIDM00272,sidm,sanger,,,,MDAMB453; SIDM00272
MDA-MB-468,SIDM00628,sidm,resolved,SIDM00628,sidm,sanger,,,,MDAMB468; SIDM00628
MDST8,SIDM00527,sidm,resolved,SIDM00527,sidm,sanger,,,,MDST8; SIDM00527
ME-1,SIDM00338,sidm,resolved,SIDM00338,sidm,sanger,,,,ME1; SIDM00338
ME-180,SIDM00627,sidm,resolved,SIDM00627,sidm,sanger,,,,ME180; SIDM00627
MEG-01,SIDM00526,sidm,resolved,SIDM00526,sidm,sanger,,,,MEG01; SIDM00526
MEL-JUSO,SIDM00336,sidm,resolved,SIDM00336,sidm,sanger,,,,MELJUSO; SIDM00336
MES-SA,SIDM00625,sidm,resolved,SIDM00625,sidm,sanger,,,,MESSA; SIDM00625
Mewo,SIDM00545,sidm,resolved,SIDM00545,sidm,sanger,,,,MEWO; SIDM00545
MFE-280,SIDM00335,sidm,resolved,SIDM00335,sidm,sanger,,,,MFE280; SIDM00335
MFE-296,SIDM00334,sidm,resolved,SIDM00334,sidm,sanger,,,,MFE296; SIDM00334
MFE-319,SIDM00333,sidm,resolved,SIDM00333,sidm,sanger,,,,MFE319; SIDM00333
MFH-ino,SIDM00299,sidm,resolved,SIDM00299,sidm,sanger,,,,MFHINO; SIDM00299
MFM-223,SIDM00332,sidm,resolved,SIDM00332,sidm,sanger,,,,MFM223; SIDM00332
MG-63,SIDM00525,sidm,resolved,SIDM00525,sidm,sanger,,,,MG63; SIDM00525
MHH-CALL-2,SIDM00331,sidm,resolved,SIDM00331,sidm,sanger,,,,MHHCALL2; SIDM00331
MHH-ES-1,SIDM00386,sidm,resolved,SIDM00386,sidm,sanger,,,,MHHES1; SIDM00386
MHH-PREB-1,SIDM00388,sidm,resolved,SIDM00388,sidm,sanger,,,,MHHPREB1; SIDM00388
MIA-PaCa-2,SIDM00505,sidm,resolved,SIDM00505,sidm,sanger,,,,MIAPACA2; SIDM00505
MKN1,SIDM00271,sidm,resolved,SIDM00271,sidm,sanger,,,,MKN1; SIDM00271
MKN28,SIDM00260,sidm,resolved,SIDM00260,sidm,sanger,,,,MKN28; SIDM00260
MKN45,SIDM00247,sidm,resolved,SIDM00247,sidm,sanger,,,,MKN45; SIDM00247
ML-2,SIDM00441,sidm,resolved,SIDM00441,sidm,sanger,,,,ML2; SIDM00441
MLMA,SIDM00561,sidm,resolved,SIDM00561,sidm,sanger,,,,MLMA; SIDM00561
MM1S,SIDM01265,sidm,resolved,SIDM01265,sidm,sanger,,,,MM1S; SIDM01265
MN-60,SIDM00438,sidm,resolved,SIDM00438,sidm,sanger,,,,MN60; SIDM00438
MOG-G-CCM,SIDM00532,sidm,resolved,SIDM00532,sidm,sanger,,,,MOGGCCM; SIDM00532
MOG-G-UVW,SIDM00504,sidm,resolved,SIDM00504,sidm,sanger,,,,MOGGUVW; SIDM00504
MOLM-13,SIDM00437,sidm,resolved,SIDM00437,sidm,sanger,,,,MOLM13; SIDM00437
MOLP-8,SIDM00434,sidm,resolved,SIDM00434,sidm,sanger,,,,MOLP8; SIDM00434
MOLT-13,SIDM00433,sidm,resolved,SIDM00433,sidm,sanger,,,,MOLT13; SIDM00433
MOLT-16,SIDM00431,sidm,resolved,SIDM00431,sidm,sanger,,,,MOLT16; SIDM00431
MOLT-4,SIDM00145,sidm,resolved,SIDM00145,sidm,sanger,,,,MOLT4; SIDM00145
MONO-MAC-6,SIDM01023,sidm,resolved,SIDM01023,sidm,sanger,,,,MONOMAC6; SIDM01023
Mo-T,SIDM00623,sidm,resolved,SIDM00623,sidm,sanger,,,,MOT; SIDM00623
MPP-89,SIDM00222,sidm,resolved,SIDM00222,sidm,sanger,,,,MPP89; SIDM00222
MRK-nu-1,SIDM00562,sidm,resolved,SIDM00562,sidm,sanger,,,,MRKNU1; SIDM00562
MS-1,SIDM00245,sidm,resolved,SIDM00245,sidm,sanger,,,,MS1; SIDM00245
MS751,SIDM00638,sidm,resolved,SIDM00638,sidm,sanger,,,,MS751; SIDM00638
MSTO-211H,SIDM00640,sidm,resolved,SIDM00640,sidm,sanger,,,,MSTO211H; SIDM00640
MV-4-11,SIDM00657,sidm,resolved,SIDM00657,sidm,sanger,,,,MV411; SIDM00657
NALM-6,SIDM00429,sidm,resolved,SIDM00429,sidm,sanger,,,,NALM6; SIDM00429
NAMALWA,SIDM00641,sidm,resolved,SIDM00641,sidm,sanger,,,,NAMALWA; SIDM00641
NB(TU)1-10,SIDM00579,sidm,resolved,SIDM00579,sidm,sanger,,,,NBTU110; SIDM00579
NB1,SIDM00578,sidm,resolved,SIDM00578,sidm,sanger,,,,NB1; SIDM00578
NB10,SIDM00259,sidm,resolved,SIDM00259,sidm,sanger,,,,NB10; SIDM00259
NB12,SIDM00258,sidm,resolved,SIDM00258,sidm,sanger,,,,NB12; SIDM00258
NB13,SIDM00257,sidm,resolved,SIDM00257,sidm,sanger,,,,NB13; SIDM00257
NB14,SIDM00256,sidm,resolved,SIDM00256,sidm,sanger,,,,NB14; SIDM00256
NB69,SIDM00244,sidm,resolved,SIDM00244,sidm,sanger,,,,NB69; SIDM00244
NB7,SIDM00156,sidm,resolved,SIDM00156,sidm,sanger,,,,NB7; SIDM00156
NCCIT,SIDM00655,sidm,resolved,SIDM00655,sidm,sanger,,,,NCCIT; SIDM00655
NCI-H1048,SIDM00654,sidm,resolved,SIDM00654,sidm,sanger,,,,NCIH1048; SIDM00654
NCI-H1092,SIDM00653,sidm,resolved,SIDM00653,sidm,sanger,,,,NCIH1092; SIDM00653
NCI-H1155,SIDM00651,sidm,resolved,SIDM00651,sidm,sanger,,,,NCIH1155; SIDM00651
NCI-H1299,SIDM00649,sidm,resolved,SIDM00649,sidm,sanger,,,,NCIH1299; SIDM00649
NCI-H1341,SIDM00646,sidm,resolved,SIDM00646,sidm,sanger,,,,NCIH1341; SIDM00646
NCI-H1355,SIDM00645,sidm,resolved,SIDM00645,sidm,sanger,,,,NCIH1355; SIDM00645
NCI-H1417,SIDM00642,sidm,resolved,SIDM00642,sidm,sanger,,,,NCIH1417; SIDM00642
NCI-H1435,SIDM00658,sidm,resolved,SIDM00658,sidm,sanger,,,,NCIH1435; SIDM00658
NCI-H1563,SIDM00751,sidm,resolved,SIDM00751,sidm,sanger,,,,NCIH1563; SIDM00751
NCI-H1568,SIDM00750,sidm,resolved,SIDM00750,sidm,sanger,,,,NCIH1568; SIDM00750
NCI-H1573,SIDM00749,sidm,resolved,SIDM00749,sidm,sanger,,,,NCIH1573; SIDM00749
NCI-H1581,SIDM00748,sidm,resolved,SIDM00748,sidm,sanger,,,,NCIH1581; SIDM00748
NCI-H1623,SIDM00747,sidm,resolved,SIDM00747,sidm,sanger,,,,NCIH1623; SIDM00747
NCI-H1648,SIDM00746,sidm,resolved,SIDM00746,sidm,sanger,,,,NCIH1648; SIDM00746
NCI-H1650,SIDM00745,sidm,resolved,SIDM00745,sidm,sanger,,,,NCIH1650; SIDM00745
NCI-H1651,SIDM00744,sidm,resolved,SIDM00744,sidm,sanger,,,,NCIH1651; SIDM00744
NCI-H1666,SIDM00743,sidm,resolved,SIDM00743,sidm,sanger,,,,NCIH1666; SIDM00743
NCI-H1688,SIDM00792,sidm,resolved,SIDM00792,sidm,sanger,,,,NCIH1688; SIDM00792
NCI-H1693,SIDM00742,sidm,resolved,SIDM00742,sidm,sanger,,,,NCIH1693; SIDM00742
NCI-H1694,SIDM00741,sidm,resolved,SIDM00741,sidm,sanger,,,,NCIH1694; SIDM00741
NCI-H1703,SIDM00740,sidm,resolved,SIDM00740,sidm,sanger,,,,NCIH1703; SIDM00740
NCI-H1755,SIDM00738,sidm,resolved,SIDM00738,sidm,sanger,,,,NCIH1755; SIDM00738
NCI-H1781,SIDM00754,sidm,resolved,SIDM00754,sidm,sanger,,,,NCIH1781; SIDM00754
NCI-H1792,SIDM00771,sidm,resolved,SIDM00771,sidm,sanger,,,,NCIH1792; SIDM00771
NCI-H1793,SIDM00755,sidm,resolved,SIDM00755,sidm,sanger,,,,NCIH1793; SIDM00755
NCI-H1838,SIDM00769,sidm,resolved,SIDM00769,sidm,sanger,,,,NCIH1838; SIDM00769
NCI-H1869,SIDM00768,sidm,resolved,SIDM00768,sidm,sanger,,,,NCIH1869; SIDM00768
NCI-H1876,SIDM00766,sidm,resolved,SIDM00766,sidm,sanger,,,,NCIH1876; SIDM00766
NCI-H1915,SIDM00763,sidm,resolved,SIDM00763,sidm,sanger,,,,NCIH1915; SIDM00763
NCI-H1944,SIDM00762,sidm,resolved,SIDM00762,sidm,sanger,,,,NCIH1944; SIDM00762
NCI-H196,SIDM00761,sidm,resolved,SIDM00761,sidm,sanger,,,,NCIH196; SIDM00761
NCI-H1963,SIDM00760,sidm,resolved,SIDM00760,sidm,sanger,,,,NCIH1963; SIDM00760
NCI-H1975,SIDM00759,sidm,resolved,SIDM00759,sidm,sanger,,,,NCIH1975; SIDM00759
NCI-H1993,SIDM00758,sidm,resolved,SIDM00758,sidm,sanger,,,,NCIH1993; SIDM00758
NCI-H2009,SIDM00756,sidm,resolved,SIDM00756,sidm,sanger,,,,NCIH2009; SIDM00756
NCI-H2023,SIDM00753,sidm,resolved,SIDM00753,sidm,sanger,,,,NCIH2023; SIDM00753
NCI-H2029,SIDM00735,sidm,resolved,SIDM00735,sidm,sanger,,,,NCIH2029; SIDM00735
NCI-H2052,SIDM00713,sidm,resolved,SIDM00713,sidm,sanger,,,,NCIH2052; SIDM00713
NCI-H2066,SIDM00711,sidm,resolved,SIDM00711,sidm,sanger,,,,NCIH2066; SIDM00711
NCI-H2085,SIDM00709,sidm,resolved,SIDM00709,sidm,sanger,,,,NCIH2085; SIDM00709
NCI-H2087,SIDM00708,sidm,resolved,SIDM00708,sidm,sanger,,,,NCIH2087; SIDM00708
NCI-H209,SIDM00706,sidm,resolved,SIDM00706,sidm,sanger,,,,NCIH209; SIDM00706
NCI-H211,SIDM00704,sidm,resolved,SIDM00704,sidm,sanger,,,,NCIH211; SIDM00704
NCI-H2122,SIDM00702,sidm,resolved,SIDM00702,sidm,sanger,,,,NCIH2122; SIDM00702
NCI-H2141,SIDM00699,sidm,resolved,SIDM00699,sidm,sanger,,,,NCIH2141; SIDM00699
NCI-H2170,SIDM00716,sidm,resolved,SIDM00716,sidm,sanger,,,,NCIH2170; SIDM00716
NCI-H2228,SIDM00729,sidm,resolved,SIDM00729,sidm,sanger,,,,NCIH2228; SIDM00729
NCI-H226,SIDM00139,sidm,resolved,SIDM00139,sidm,sanger,,,,NCIH226; SIDM00139
NCI-H23,SIDM00138,sidm,resolved,SIDM00138,sidm,sanger,,,,NCIH23; SIDM00138
NCI-H2342,SIDM00727,sidm,resolved,SIDM00727,sidm,sanger,,,,NCIH2342; SIDM00727
NCI-H2347,SIDM00726,sidm,resolved,SIDM00726,sidm,sanger,,,,NCIH2347; SIDM00726
NCI-H2369,SIDM00104,sidm,resolved,SIDM00104,sidm,sanger,,,,NCIH2369; SIDM00104
NCI-H2373,SIDM00103,sidm,resolved,SIDM00103,sidm,sanger,,,,NCIH2373; SIDM00103
NCI-H2405,SIDM00724,sidm,resolved,SIDM00724,sidm,sanger,,,,NCIH2405; SIDM00724
NCI-H2452,SIDM00722,sidm,resolved,SIDM00722,sidm,sanger,,,,NCIH2452; SIDM00722
NCI-H2461,SIDM00102,sidm,resolved,SIDM00102,sidm,sanger,,,,NCIH2461; SIDM00102
NCI-H2591,SIDM00101,sidm,resolved,SIDM00101,sidm,sanger,,,,NCIH2591; SIDM00101
NCI-H2595,SIDM00100,sidm,resolved,SIDM00100,sidm,sanger,,,,NCIH2595; SIDM00100
NCI-H2722,SIDM00099,sidm,resolved,SIDM00099,sidm,sanger,,,,NCIH2722; SIDM00099
NCI-H2731,SIDM00098,sidm,resolved,SIDM00098,sidm,sanger,,,,NCIH2731; SIDM00098
NCI-H2795,SIDM00154,sidm,resolved,SIDM00154,sidm,sanger,,,,NCIH2795; SIDM00154
NCI-H28,SIDM00720,sidm,resolved,SIDM00720,sidm,sanger,,,,NCIH28; SIDM00720
NCI-H2818,SIDM00520,sidm,resolved,SIDM00520,sidm,sanger,,,,NCIH2818; SIDM00520
NCI-H3118,SIDM00517,sidm,resolved,SIDM00517,sidm,sanger,,,,NCIH3118; SIDM00517
NCI-H3122,SIDM00137,sidm,resolved,SIDM00137,sidm,sanger,,,,NCIH3122; SIDM00137
NCI-H322M,SIDM00117,sidm,resolved,SIDM00117,sidm,sanger,,,,NCIH322M; SIDM00117
NCI-H345,SIDM00719,sidm,resolved,SIDM00719,sidm,sanger,,,,NCIH345; SIDM00719
NCI-H358,SIDM00718,sidm,resolved,SIDM00718,sidm,sanger,,,,NCIH358; SIDM00718
NCI-H441,SIDM00925,sidm,resolved,SIDM00925,sidm,sanger,,,,NCIH441; SIDM00925
NCI-H446,SIDM00965,sidm,resolved,SIDM00965,sidm,sanger,,,,NCIH446; SIDM00965
NCI-H513,SIDM00114,sidm,resolved,SIDM00114,sidm,sanger,,,,NCIH513; SIDM00114
NCI-H520,SIDM01130,sidm,resolved,SIDM01130,sidm,sanger,,,,NCIH520; SIDM01130
NCI-H522,SIDM00116,sidm,resolved,SIDM00116,sidm,sanger,,,,NCIH522; SIDM00116
NCI-H524,SIDM01129,sidm,resolved,SIDM01129,sidm,sanger,,,,NCIH524; SIDM01129
NCI-H526,SIDM01128,sidm,resolved,SIDM01128,sidm,sanger,,,,NCIH526; SIDM01128
NCI-H596,SIDM01127,sidm,resolved,SIDM01127,sidm,sanger,,,,NCIH596; SIDM01127
NCI-H64,SIDM01126,sidm,resolved,SIDM01126,sidm,sanger,,,,NCIH64; SIDM01126
NCI-H650,SIDM01124,sidm,resolved,SIDM01124,sidm,sanger,,,,NCIH650; SIDM01124
NCI-H661,SIDM01122,sidm,resolved,SIDM01122,sidm,sanger,,,,NCIH661; SIDM01122
NCI-H69,SIDM01121,sidm,resolved,SIDM01121,sidm,sanger,,,,NCIH69; SIDM01121
NCI-H716,SIDM00779,sidm,resolved,SIDM00779,sidm,sanger,,,,NCIH716; SIDM00779
NCI-H720,SIDM01120,sidm,resolved,SIDM01120,sidm,sanger,,,,NCIH720; SIDM01120
NCI-H727,SIDM01119,sidm,resolved,SIDM01119,sidm,sanger,,,,NCIH727; SIDM01119
NCI-H747,SIDM00778,sidm,resolved,SIDM00778,sidm,sanger,,,,NCIH747; SIDM00778
NCI-H810,SIDM01116,sidm,resolved,SIDM01116,sidm,sanger,,,,NCIH810; SIDM01116
NCI-H82,SIDM01131,sidm,resolved,SIDM01131,sidm,sanger,,,,NCIH82; SIDM01131
NCI-H835,SIDM01133,sidm,resolved,SIDM01133,sidm,sanger,,,,NCIH835; SIDM01133
NCI-H841,SIDM01134,sidm,resolved,SIDM01134,sidm,sanger,,,,NCIH841; SIDM01134
NCI-H847,SIDM01149,sidm,resolved,SIDM01149,sidm,sanger,,,,NCIH847; SIDM01149
NCI-N87,SIDM01147,sidm,resolved,SIDM01147,sidm,sanger,,,,NCIN87; SIDM01147
NEC8,SIDM00243,sidm,resolved,SIDM00243,sidm,sanger,,,,NEC8; SIDM00243
NH-12,SIDM00577,sidm,resolved,SIDM00577,sidm,sanger,,,,NH12; SIDM00577
NKM-1,SIDM00576,sidm,resolved,SIDM00576,sidm,sanger,,,,NKM1; SIDM00576
NOMO-1,SIDM00580,sidm,resolved,SIDM00580,sidm,sanger,,,,NOMO1; SIDM00580
NOS-1,SIDM00242,sidm,resolved,SIDM00242,sidm,sanger,,,,NOS1; SIDM00242
NUGC-3,SIDM00572,sidm,resolved,SIDM00572,sidm,sanger,,,,NUGC3; SIDM00572
NUGC-4,SIDM00570,sidm,resolved,SIDM00570,sidm,sanger,,,,NUGC4; SIDM00570
NY,SIDM00569,sidm,resolved,SIDM00569,sidm,sanger,,,,NY; SIDM00569
OACM5-1,SIDM00444,sidm,resolved,SIDM00444,sidm,sanger,,,,OACM51; SIDM00444
OACp4C,SIDM00445,sidm,resolved,SIDM00445,sidm,sanger,,,,OACP4C; SIDM00445
OAW-28,SIDM00481,sidm,resolved,SIDM00481,sidm,sanger,,,,OAW28; SIDM00481
OAW-42,SIDM00480,sidm,resolved,SIDM00480,sidm,sanger,,,,OAW42; SIDM00480
OC-314,SIDM00220,sidm,resolved,SIDM00220,sidm,sanger,,,,OC314; SIDM00220
OCI-AML2,SIDM00446,sidm,resolved,SIDM00446,sidm,sanger,,,,OCIAML2; SIDM00446
OCI-AML3,SIDM00462,sidm,resolved,SIDM00462,sidm,sanger,,,,OCIAML3; SIDM00462
OCI-AML5,SIDM00461,sidm,resolved,SIDM00461,sidm,sanger,,,,OCIAML5; SIDM00461
OCI-M1,SIDM00458,sidm,resolved,SIDM00458,sidm,sanger,,,,OCIM1; SIDM00458
OCUB-M,SIDM00241,sidm,resolved,SIDM00241,sidm,sanger,,,,OCUBM; SIDM00241
OCUM-1,SIDM00568,sidm,resolved,SIDM00568,sidm,sanger,,,,OCUM1; SIDM00568
OE19,SIDM00479,sidm,resolved,SIDM00479,sidm,sanger,,,,OE19; SIDM00479
OE21,SIDM00478,sidm,resolved,SIDM00478,sidm,sanger,,,,OE21; SIDM00478
OE33,SIDM00477,sidm,resolved,SIDM00477,sidm,sanger,,,,OE33; SIDM00477
ONS-76,SIDM00567,sidm,resolved,SIDM00567,sidm,sanger,,,,ONS76; SIDM00567
OPM-2,SIDM00457,sidm,resolved,SIDM00457,sidm,sanger,,,,OPM2; SIDM00457
OSC-20,SIDM00565,sidm,resolved,SIDM00565,sidm,sanger,,,,OSC20; SIDM00565
OS-RC-2,SIDM00239,sidm,resolved,SIDM00239,sidm,sanger,,,,OSRC2; SIDM00239
OV-56,SIDM00475,sidm,resolved,SIDM00475,sidm,sanger,,,,OV56; SIDM00475
OV-90,SIDM01141,sidm,resolved,SIDM01141,sidm,sanger,,,,OV90; SIDM01141
OVCA420,SIDM00967,sidm,resolved,SIDM00967,sidm,sanger,,,,OVCA420; SIDM00967
OVCAR-3,SIDM00105,sidm,resolved,SIDM00105,sidm,sanger,,,,OVCAR3; SIDM00105
OVCAR-4,SIDM00092,sidm,resolved,SIDM00092,sidm,sanger,,,,OVCAR4; SIDM00092
OVCAR-5,SIDM00091,sidm,resolved,SIDM00091,sidm,sanger,,,,OVCAR5; SIDM00091
OVCAR-8,SIDM00090,sidm,resolved,SIDM00090,sidm,sanger,,,,OVCAR8; SIDM00090
OVISE,SIDM00564,sidm,resolved,SIDM00564,sidm,sanger,,,,OVISE; SIDM00564
OVKATE,SIDM00466,sidm,resolved,SIDM00466,sidm,sanger,,,,OVKATE; SIDM00466
OVMIU,SIDM00465,sidm,resolved,SIDM00465,sidm,sanger,,,,OVMIU; SIDM00465
OVTOKO,SIDM00425,sidm,resolved,SIDM00425,sidm,sanger,,,,OVTOKO; SIDM00425
P12-ICHIKAWA,SIDM00463,sidm,resolved,SIDM00463,sidm,sanger,,,,P12ICHIKAWA; SIDM00463
P30-OHK,SIDM00364,sidm,resolved,SIDM00364,sidm,sanger,,,,P30OHK; SIDM00364
P31-FUJ,SIDM00363,sidm,resolved,SIDM00363,sidm,sanger,,,,P31FUJ; SIDM00363
P32-ISH,SIDM00362,sidm,resolved,SIDM00362,sidm,sanger,,,,P32ISH; SIDM00362
PA-1,SIDM01140,sidm,resolved,SIDM01140,sidm,sanger,,,,PA1; SIDM01140
PANC-02-03,SIDM01139,sidm,resolved,SIDM01139,sidm,sanger,,,,PANC0203; SIDM01139
PANC-03-27,SIDM01138,sidm,resolved,SIDM01138,sidm,sanger,,,,PANC0327; SIDM01138
PANC-04-03,SIDM01137,sidm,resolved,SIDM01137,sidm,sanger,,,,PANC0403; SIDM01137
PANC-08-13,SIDM01136,sidm,resolved,SIDM01136,sidm,sanger,,,,PANC0813; SIDM01136
PANC-10-05,SIDM01135,sidm,resolved,SIDM01135,sidm,sanger,,,,PANC1005; SIDM01135
PA-TU-8902,SIDM00455,sidm,resolved,SIDM00455,sidm,sanger,,,,PATU8902; SIDM00455
PA-TU-8988T,SIDM00453,sidm,resolved,SIDM00453,sidm,sanger,,,,PATU8988T; SIDM00453
PC-14,SIDM00237,sidm,resolved,SIDM00237,sidm,sanger,,,,PC14; SIDM00237
PC-3,SIDM00088,sidm,resolved,SIDM00088,sidm,sanger,,,,PC3; SIDM00088
PCI-30,SIDM00044,sidm,resolved,SIDM00044,sidm,sanger,,,,PCI30; SIDM00044
PEO1,SIDM00472,sidm,resolved,SIDM00472,sidm,sanger,,,,PEO1; SIDM00472
PF-382,SIDM00451,sidm,resolved,SIDM00451,sidm,sanger,,,,PF382; SIDM00451
PFSK-1,SIDM01132,sidm,resolved,SIDM01132,sidm,sanger,,,,PFSK1; SIDM01132
PL18,SIDM00054,sidm,resolved,SIDM00054,sidm,sanger,,,,PL18; SIDM00054
PL4,SIDM00042,sidm,resolved,SIDM00042,sidm,sanger,,,,PL4; SIDM00042
PSN1,SIDM00469,sidm,resolved,SIDM00469,sidm,sanger,,,,PSN1; SIDM00469
PWR-1E,SIDM01114,sidm,resolved,SIDM01114,sidm,sanger,,,,PWR1E; SIDM01114
Raji,SIDM00844,sidm,resolved,SIDM00844,sidm,sanger,,,,RAJI; SIDM00844
Ramos-2G6-4C10,SIDM01247,sidm,resolved,SIDM01247,sidm,sanger,,,,RAMOS2G64C10; SIDM01247
RCC10RGB,SIDM00235,sidm,resolved,SIDM00235,sidm,sanger,,,,RCC10RGB; SIDM00235
RCC-JW,SIDM00817,sidm,resolved,SIDM00817,sidm,sanger,,,,RCCJW; SIDM00817
RC-K8,SIDM00448,sidm,resolved,SIDM00448,sidm,sanger,,,,RCK8; SIDM00448
RCM-1,SIDM00359,sidm,resolved,SIDM00359,sidm,sanger,,,,RCM1; SIDM00359
RD,SIDM00847,sidm,resolved,SIDM00847,sidm,sanger,,,,RD; SIDM00847
REH,SIDM00447,sidm,resolved,SIDM00447,sidm,sanger,,,,REH; SIDM00447
RERF-GC-1B,SIDM00358,sidm,resolved,SIDM00358,sidm,sanger,,,,RERFGC1B; SIDM00358
RERF-LC-KJ,SIDM00356,sidm,resolved,SIDM00356,sidm,sanger,,,,RERFLCKJ; SIDM00356
RERF-LC-Sq1,SIDM00354,sidm,resolved,SIDM00354,sidm,sanger,,,,RERFLCSQ1; SIDM00354
RF-48,SIDM01092,sidm,resolved,SIDM01092,sidm,sanger,,,,RF48; SIDM01092
RH-1,SIDM00427,sidm,resolved,SIDM00427,sidm,sanger,,,,RH1; SIDM00427
RH-41,SIDM00426,sidm,resolved,SIDM00426,sidm,sanger,,,,RH41; SIDM00426
RKN,SIDM00353,sidm,resolved,SIDM00353,sidm,sanger,,,,RKN; SIDM00353
RKO,SIDM01090,sidm,resolved,SIDM01090,sidm,sanger,,,,RKO; SIDM01090
RL95-2,SIDM01088,sidm,resolved,SIDM01088,sidm,sanger,,,,RL952; SIDM01088
RMG-I,SIDM00352,sidm,resolved,SIDM00352,sidm,sanger,,,,RMGI; SIDM00352
RO82-W-1,SIDM00218,sidm,resolved,SIDM00218,sidm,sanger,,,,RO82W1; SIDM00218
RPMI-6666,SIDM00813,sidm,resolved,SIDM00813,sidm,sanger,,,,RPMI6666; SIDM00813
RPMI-7951,SIDM01087,sidm,resolved,SIDM01087,sidm,sanger,,,,RPMI7951; SIDM01087
RPMI-8226,SIDM00087,sidm,resolved,SIDM00087,sidm,sanger,,,,RPMI8226; SIDM00087
RPMI-8402,SIDM00403,sidm,resolved,SIDM00403,sidm,sanger,,,,RPMI8402; SIDM00403
RPMI-8866,SIDM00482,sidm,resolved,SIDM00482,sidm,sanger,,,,RPMI8866; SIDM00482
RS4-11,SIDM01086,sidm,resolved,SIDM01086,sidm,sanger,,,,RS411; SIDM01086
RT-112,SIDM00402,sidm,resolved,SIDM00402,sidm,sanger,,,,RT112; SIDM00402
RT4,SIDM01085,sidm,resolved,SIDM01085,sidm,sanger,,,,RT4; SIDM01085
Saos-2,SIDM01084,sidm,resolved,SIDM01084,sidm,sanger,,,,SAOS2; SIDM01084
SAS,SIDM00351,sidm,resolved,SIDM00351,sidm,sanger,,,,SAS; SIDM00351
SAT,SIDM00350,sidm,resolved,SIDM00350,sidm,sanger,,,,SAT; SIDM00350
SBC-3,SIDM00367,sidm,resolved,SIDM00367,sidm,sanger,,,,SBC3; SIDM00367
SBC-5,SIDM00368,sidm,resolved,SIDM00368,sidm,sanger,,,,SBC5; SIDM00368
SCC-15,SIDM01083,sidm,resolved,SIDM01083,sidm,sanger,,,,SCC15; SIDM01083
SCC-3,SIDM00384,sidm,resolved,SIDM00384,sidm,sanger,,,,SCC3; SIDM00384
SCC-4,SIDM01081,sidm,resolved,SIDM01081,sidm,sanger,,,,SCC4; SIDM01081
SCC-9,SIDM01080,sidm,resolved,SIDM01080,sidm,sanger,,,,SCC9; SIDM01080
SF268,SIDM00085,sidm,resolved,SIDM00085,sidm,sanger,,,,SF268; SIDM00085
SF539,SIDM00083,sidm,resolved,SIDM00083,sidm,sanger,,,,SF539; SIDM00083
SH-4,SIDM01079,sidm,resolved,SIDM01079,sidm,sanger,,,,SH4; SIDM01079
SHP-77,SIDM01078,sidm,resolved,SIDM01078,sidm,sanger,,,,SHP77; SIDM01078
SiHa,SIDM01093,sidm,resolved,SIDM01093,sidm,sanger,,,,SIDM01093; SIHA
SIMA,SIDM00395,sidm,resolved,SIDM00395,sidm,sanger,,,,SIDM00395; SIMA
SISO,SIDM00394,sidm,resolved,SIDM00394,sidm,sanger,,,,SIDM00394; SISO
SJRH30,SIDM01095,sidm,resolved,SIDM01095,sidm,sanger,,,,SIDM01095; SJRH30
SJSA-1,SIDM01112,sidm,resolved,SIDM01112,sidm,sanger,,,,SIDM01112; SJSA1
SK-CO-1,SIDM01096,sidm,resolved,SIDM01096,sidm,sanger,,,,SIDM01096; SKCO1
SK-ES-1,SIDM01111,sidm,resolved,SIDM01111,sidm,sanger,,,,SIDM01111; SKES1
SKG-IIIa,SIDM00381,sidm,resolved,SIDM00381,sidm,sanger,,,,SIDM00381; SKGIIIA
SK-GT-2,SIDM00393,sidm,resolved,SIDM00393,sidm,sanger,,,,SIDM00393; SKGT2
SK-GT-4,SIDM00483,sidm,resolved,SIDM00483,sidm,sanger,,,,SIDM00483; SKGT4
SK-HEP-1,SIDM01110,sidm,resolved,SIDM01110,sidm,sanger,,,,SIDM01110; SKHEP1
SK-LMS-1,SIDM01109,sidm,resolved,SIDM01109,sidm,sanger,,,,SIDM01109; SKLMS1
SK-LU-1,SIDM01108,sidm,resolved,SIDM01108,sidm,sanger,,,,SIDM01108; SKLU1
SK-MEL-1,SIDM01107,sidm,resolved,SIDM01107,sidm,sanger,,,,SIDM01107; SKMEL1
SK-MEL-2,SIDM00082,sidm,resolved,SIDM00082,sidm,sanger,,,,SIDM00082; SKMEL2
SK-MEL-24,SIDM01106,sidm,resolved,SIDM01106,sidm,sanger,,,,SIDM01106; SKMEL24
SK-MES-1,SIDM01103,sidm,resolved,SIDM01103,sidm,sanger,,,,SIDM01103; SKMES1
SK-MG-1,SIDM00379,sidm,resolved,SIDM00379,sidm,sanger,,,,SIDM00379; SKMG1
SK-MM-2,SIDM00391,sidm,resolved,SIDM00391,sidm,sanger,,,,SIDM00391; SKMM2
SKN,SIDM00377,sidm,resolved,SIDM00377,sidm,sanger,,,,SIDM00377; SKN
SKN-3,SIDM00375,sidm,resolved,SIDM00375,sidm,sanger,,,,SIDM00375; SKN3
SK-N-AS,SIDM01101,sidm,resolved,SIDM01101,sidm,sanger,,,,SIDM01101; SKNAS
SK-N-DZ,SIDM01100,sidm,resolved,SIDM01100,sidm,sanger,,,,SIDM01100; SKNDZ
SK-N-FI,SIDM01099,sidm,resolved,SIDM01099,sidm,sanger,,,,SIDM01099; SKNFI
SK-N-SH,SIDM01098,sidm,resolved,SIDM01098,sidm,sanger,,,,SIDM01098; SKNSH
SK-OV-3,SIDM00079,sidm,resolved,SIDM00079,sidm,sanger,,,,SIDM00079; SKOV3
SK-PN-DW,SIDM01097,sidm,resolved,SIDM01097,sidm,sanger,,,,SIDM01097; SKPNDW
SK-UT-1,SIDM01113,sidm,resolved,SIDM01113,sidm,sanger,,,,SIDM01113; SKUT1
SLVL,SIDM00374,sidm,resolved,SIDM00374,sidm,sanger,,,,SIDM00374; SLVL
SN12C,SIDM00094,sidm,resolved,SIDM00094,sidm,sanger,,,,SIDM00094; SN12C
SNG-M,SIDM00373,sidm,resolved,SIDM00373,sidm,sanger,,,,SIDM00373; SNGM
SNU-1,SIDM01146,sidm,resolved,SIDM01146,sidm,sanger,,,,SIDM01146; SNU1
SNU-16,SIDM01145,sidm,resolved,SIDM01145,sidm,sanger,,,,SIDM01145; SNU16
SNU-175,SIDM00216,sidm,resolved,SIDM00216,sidm,sanger,,,,SIDM00216; SNU175
SNU-182,SIDM01151,sidm,resolved,SIDM01151,sidm,sanger,,,,SIDM01151; SNU182
SNU-387,SIDM01180,sidm,resolved,SIDM01180,sidm,sanger,,,,SIDM01180; SNU387
SNU-398,SIDM01181,sidm,resolved,SIDM01181,sidm,sanger,,,,SIDM01181; SNU398
SNU-407,SIDM00214,sidm,resolved,SIDM00214,sidm,sanger,,,,SIDM00214; SNU407
SNU-423,SIDM01199,sidm,resolved,SIDM01199,sidm,sanger,,,,SIDM01199; SNU423
SNU-449,SIDM01194,sidm,resolved,SIDM01194,sidm,sanger,,,,SIDM01194; SNU449
SNU-5,SIDM01144,sidm,resolved,SIDM01144,sidm,sanger,,,,SIDM01144; SNU5
SNU-61,SIDM00194,sidm,resolved,SIDM00194,sidm,sanger,,,,SIDM00194; SNU61
SNU-C1,SIDM01197,sidm,resolved,SIDM01197,sidm,sanger,,,,SIDM01197; SNUC1
SNU-C2B,SIDM00781,sidm,resolved,SIDM00781,sidm,sanger,,,,SIDM00781; SNUC2B
SNU-C5,SIDM00498,sidm,resolved,SIDM00498,sidm,sanger,,,,SIDM00498; SNUC5
SR,SIDM00096,sidm,resolved,SIDM00096,sidm,sanger,,,,SIDM00096; SR
ST486,SIDM01198,sidm,resolved,SIDM01198,sidm,sanger,,,,SIDM01198; ST486
SU8686,SIDM01188,sidm,resolved,SIDM01188,sidm,sanger,,,,SIDM01188; SU8686
SU-DHL-10,SIDM00389,sidm,resolved,SIDM00389,sidm,sanger,,,,SIDM00389; SUDHL10
SU-DHL-5,SIDM00406,sidm,resolved,SIDM00406,sidm,sanger,,,,SIDM00406; SUDHL5
SU-DHL-6,SIDM00407,sidm,resolved,SIDM00407,sidm,sanger,,,,SIDM00407; SUDHL6
SU-DHL-8,SIDM00423,sidm,resolved,SIDM00423,sidm,sanger,,,,SIDM00423; SUDHL8
SUIT-2,SIDM00371,sidm,resolved,SIDM00371,sidm,sanger,,,,SIDM00371; SUIT2
SUP-B15,SIDM01176,sidm,resolved,SIDM01176,sidm,sanger,,,,SIDM01176; SUPB15
SUP-HD1,SIDM00422,sidm,resolved,SIDM00422,sidm,sanger,,,,SIDM00422; SUPHD1
SUP-M2,SIDM00421,sidm,resolved,SIDM00421,sidm,sanger,,,,SIDM00421; SUPM2
SUP-T1,SIDM01154,sidm,resolved,SIDM01154,sidm,sanger,,,,SIDM01154; SUPT1
SW1088,SIDM01155,sidm,resolved,SIDM01155,sidm,sanger,,,,SIDM01155; SW1088
SW1116,SIDM00835,sidm,resolved,SIDM00835,sidm,sanger,,,,SIDM00835; SW1116
SW1271,SIDM01156,sidm,resolved,SIDM01156,sidm,sanger,,,,SIDM01156; SW1271
SW13,SIDM00814,sidm,resolved,SIDM00814,sidm,sanger,,,,SIDM00814; SW13
SW1417,SIDM00812,sidm,resolved,SIDM00812,sidm,sanger,,,,SIDM00812; SW1417
SW1463,SIDM00834,sidm,resolved,SIDM00834,sidm,sanger,,,,SIDM00834; SW1463
SW1573,SIDM01163,sidm,resolved,SIDM01163,sidm,sanger,,,,SIDM01163; SW1573
SW1710,SIDM00420,sidm,resolved,SIDM00420,sidm,sanger,,,,SIDM00420; SW1710
SW1783,SIDM01164,sidm,resolved,SIDM01164,sidm,sanger,,,,SIDM01164; SW1783
SW1990,SIDM01165,sidm,resolved,SIDM01165,sidm,sanger,,,,SIDM01165; SW1990
SW48,SIDM00837,sidm,resolved,SIDM00837,sidm,sanger,,,,SIDM00837; SW48
SW620,SIDM00841,sidm,resolved,SIDM00841,sidm,sanger,,,,SIDM00841; SW620
SW626,SIDM01168,sidm,resolved,SIDM01168,sidm,sanger,,,,SIDM01168; SW626
SW684,SIDM01175,sidm,resolved,SIDM01175,sidm,sanger,,,,SIDM01175; SW684
SW756,SIDM01174,sidm,resolved,SIDM01174,sidm,sanger,,,,SIDM01174; SW756
SW780,SIDM01160,sidm,resolved,SIDM01160,sidm,sanger,,,,SIDM01160; SW780
SW837,SIDM00833,sidm,resolved,SIDM00833,sidm,sanger,,,,SIDM00833; SW837
SW872,SIDM01159,sidm,resolved,SIDM01159,sidm,sanger,,,,SIDM01159; SW872
SW900,SIDM01158,sidm,resolved,SIDM01158,sidm,sanger,,,,SIDM01158; SW900
SW948,SIDM00832,sidm,resolved,SIDM00832,sidm,sanger,,,,SIDM00832; SW948
SW982,SIDM01161,sidm,resolved,SIDM01161,sidm,sanger,,,,SIDM01161; SW982
T47D,SIDM00097,sidm,resolved,SIDM00097,sidm,sanger,,,,SIDM00097; T47D
T84,SIDM00782,sidm,resolved,SIDM00782,sidm,sanger,,,,SIDM00782; T84
T98G,SIDM01171,sidm,resolved,SIDM01171,sidm,sanger,,,,SIDM01171; T98G
TC-71,SIDM00419,sidm,resolved,SIDM00419,sidm,sanger,,,,SIDM00419; TC71
TCCSUP,SIDM01190,sidm,resolved,SIDM01190,sidm,sanger,,,,SIDM01190; TCCSUP
TC-YIK,SIDM00234,sidm,resolved,SIDM00234,sidm,sanger,,,,SIDM00234; TCYIK
TE-1,SIDM00369,sidm,resolved,SIDM00369,sidm,sanger,,,,SIDM00369; TE1
TE-15,SIDM00249,sidm,resolved,SIDM00249,sidm,sanger,,,,SIDM00249; TE15
TE-4,SIDM00250,sidm,resolved,SIDM00250,sidm,sanger,,,,SIDM00250; TE4
TE-5,SIDM00347,sidm,resolved,SIDM00347,sidm,sanger,,,,SIDM00347; TE5
TE-6,SIDM00328,sidm,resolved,SIDM00328,sidm,sanger,,,,SIDM00328; TE6
TE-8,SIDM00326,sidm,resolved,SIDM00326,sidm,sanger,,,,SIDM00326; TE8
TE-9,SIDM00325,sidm,resolved,SIDM00325,sidm,sanger,,,,SIDM00325; TE9
TGBC11TKB,SIDM00251,sidm,resolved,SIDM00251,sidm,sanger,,,,SIDM00251; TGBC11TKB
TGBC1TKB,SIDM00252,sidm,resolved,SIDM00252,sidm,sanger,,,,SIDM00252; TGBC1TKB
TGBC24TKB,SIDM00267,sidm,resolved,SIDM00267,sidm,sanger,,,,SIDM00267; TGBC24TKB
TGW,SIDM00324,sidm,resolved,SIDM00324,sidm,sanger,,,,SIDM00324; TGW
TK,SIDM00323,sidm,resolved,SIDM00323,sidm,sanger,,,,SIDM00323; TK
TK10,SIDM00113,sidm,resolved,SIDM00113,sidm,sanger,,,,SIDM00113; TK10
TOV-112D,SIDM01170,sidm,resolved,SIDM01170,sidm,sanger,,,,SIDM01170; TOV112D
TOV-21G,SIDM01169,sidm,resolved,SIDM01169,sidm,sanger,,,,SIDM01169; TOV21G
TT,SIDM00484,sidm,resolved,SIDM00484,sidm,sanger,,,,SIDM00484; TT
T-T,SIDM00322,sidm,resolved,SIDM00322,sidm,sanger,,,,SIDM00322
TT2609-C02,SIDM00418,sidm,resolved,SIDM00418,sidm,sanger,,,,SIDM00418; TT2609C02
TUR,SIDM01205,sidm,resolved,SIDM01205,sidm,sanger,,,,SIDM01205; TUR
TYK-nu,SIDM00321,sidm,resolved,SIDM00321,sidm,sanger,,,,SIDM00321; TYKNU
U-118-MG,SIDM01193,sidm,resolved,SIDM01193,sidm,sanger,,,,SIDM01193; U118MG
U251,SIDM00111,sidm,resolved,SIDM00111,sidm,sanger,,,,SIDM00111; U251
U-266,SIDM00417,sidm,resolved,SIDM00417,sidm,sanger,,,,SIDM00417; U266
U-2-OS,SIDM01191,sidm,resolved,SIDM01191,sidm,sanger,,,,SIDM01191; U2OS
U-698-M,SIDM00424,sidm,resolved,SIDM00424,sidm,sanger,,,,SIDM00424; U698M
U-87-MG,SIDM01189,sidm,resolved,SIDM01189,sidm,sanger,,,,SIDM01189; U87MG
UACC-257,SIDM00108,sidm,resolved,SIDM00108,sidm,sanger,,,,SIDM00108; UACC257
UACC-62,SIDM00107,sidm,resolved,SIDM00107,sidm,sanger,,,,SIDM00107; UACC62
UACC-812,SIDM01187,sidm,resolved,SIDM01187,sidm,sanger,,,,SIDM01187; UACC812
UACC-893,SIDM01186,sidm,resolved,SIDM01186,sidm,sanger,,,,SIDM01186; UACC893
UMC-11,SIDM01183,sidm,resolved,SIDM01183,sidm,sanger,,,,SIDM01183; UMC11
UM-UC-3,SIDM01182,sidm,resolved,SIDM01182,sidm,sanger,,,,SIDM01182; UMUC3
VA-ES-BJ,SIDM01179,sidm,resolved,SIDM01179,sidm,sanger,,,,SIDM01179; VAESBJ
VAL,SIDM00416,sidm,resolved,SIDM00416,sidm,sanger,,,,SIDM00416; VAL
VCaP,SIDM01077,sidm,resolved,SIDM01077,sidm,sanger,,,,SIDM01077; VCAP
VM-CUB-1,SIDM00414,sidm,resolved,SIDM00414,sidm,sanger,,,,SIDM00414; VMCUB1
VMRC-LCD,SIDM00320,sidm,resolved,SIDM00320,sidm,sanger,,,,SIDM00320; VMRCLCD
VMRC-RCZ,SIDM00317,sidm,resolved,SIDM00317,sidm,sanger,,,,SIDM00317; VMRCRCZ
WIL2-NS,SIDM01102,sidm,resolved,SIDM01102,sidm,sanger,,,,SIDM01102; WIL2NS
WM-115,SIDM01000,sidm,resolved,SIDM01000,sidm,sanger,,,,SIDM01000; WM115
WM1552C,SIDM00976,sidm,resolved,SIDM00976,sidm,sanger,,,,SIDM00976; WM1552C
WM278,SIDM00975,sidm,resolved,SIDM00975,sidm,sanger,,,,SIDM00975; WM278
WM35,SIDM00974,sidm,resolved,SIDM00974,sidm,sanger,,,,SIDM00974; WM35
WM793B,SIDM00973,sidm,resolved,SIDM00973,sidm,sanger,,,,SIDM00973; WM793B
WSU-DLCL2,SIDM00413,sidm,resolved,SIDM00413,sidm,sanger,,,,SIDM00413; WSUDLCL2
WSU-NHL,SIDM00412,sidm,resolved,SIDM00412,sidm,sanger,,,,SIDM00412; WSUNHL
YAPC,SIDM00411,sidm,resolved,SIDM00411,sidm,sanger,,,,SIDM00411; YAPC
YH-13,SIDM00316,sidm,resolved,SIDM00316,sidm,sanger,,,,SIDM00316; YH13
YT,SIDM00410,sidm,resolved,SIDM00410,sidm,sanger,,,,SIDM00410; YT
ZR-75-30,SIDM00971,sidm,resolved,SIDM00971,sidm,sanger,,,,SIDM00971; ZR7530
